attraction_id,attraction_name,attraction_address,avg_consumption,attraction_type,rating,city_name,longitude,latitude,open_time,close_time,suggested_duration,citycode
B0FFG8V7SH,洪崖洞民俗风貌区,嘉陵江滨江路88号(小什字地铁站9号口步行430米),80,风景名胜,4.8,重庆市,106.579027,29.562204,09:00,23:00,180,23
B0FFG2D40O,洪崖洞夜景观景台,沧白路88号洪崖洞民俗风貌区11层,0,观景点,4.7,重庆市,106.579169,29.562321,00:00,23:59,90,23
B0J6BZPFRO,洪崖洞洞见山城,解放碑街道洪崖洞崖壁公园解12号人防工程部分,80,风景名胜,4.5,重庆市,106.576265,29.560582,12:30,22:00,90,23
B0FFF0AJVN,美龄宫,中山陵9号钟山风景名胜区内(南侧),30,风景名胜,4.6,南京市,118.846557,32.045458,07:30,18:00,90,25
B0FFHVEECG,中山陵景区,石象路7号,0,风景名胜,4.9,南京市,118.854097,32.054508,,,180,25
B00140U31P,文德楼,文德东路25-27号(地铁6号线北京路站出入口步行450米),0,风景名胜,4.6,广州市,113.272949,23.121091,09:30,12:00,45,20
B0IUPDSJHU,永庆坊,恩宁路99号,80,风景名胜,4.8,广州市,113.237495,23.114821,00:00,23:59,120,20
B0L2A519XC,永庆坊木棉广场,恩宁路159号,0,风景名胜,,广州市,113.23873,23.114277,,,60,20
B00141OK6G,西关大屋,逢源北街82号,0,风景名胜,4.6,广州市,113.235782,23.119664,09:00,17:30,90,20
B025003YN2,鼓浪屿风景名胜区,晃岩路35-6号,150,风景名胜,4.8,厦门市,118.06702,24.444695,00:00,23:59,360,592
B02500422H,厦门市鼓浪屿风景名胜区-鼓浪屿沙滩,鹭江道15号,0,风景名胜,4.7,厦门市,118.063015,24.441507,00:00,23:59,90,592
B0FFJZ6JYU,环游鼓浪屿,鹭江道33号鹭江码头(财富中心对面),150,风景名胜,4.5,厦门市,118.071781,24.457845,,,180,592
B0LGV7Y6HJ,鼓浪屿黄家园,内厝澳路57号,30,风景名胜,3.8,厦门市,118.064601,24.445771,,,45,592
B025003B1C,厦门市鼓浪屿风景名胜区-皓月园,漳州路3号,40,风景名胜,4.8,厦门市,118.075936,24.441099,08:00,17:30,60,592
B02500T52T,观音山巨鹏飞梦幻海岸,环岛东路商业街17号,180,风景名胜,4.4,厦门市,118.198769,24.497705,,,240,592
B0LG0L6R5W,鳌冠湾梦幻黄金海岸沙滩,日落慕野·半岛营地北侧,0,风景名胜,4.2,厦门市,118.055774,24.526989,,,120,592
B0G25LW00P,厦门观音山梦幻海岸主题游乐度假区-沙滩休闲娱乐区,观音山梦幻海岸度假区,80,风景名胜,4.5,厦门市,118.199438,24.490845,,,180,592
B0HB3K5QQ0,厦门观音山梦幻海岸主题游乐度假区-蓝色动感游乐区,观音山梦幻海岸度假区,180,风景名胜,3.6,厦门市,118.198427,24.496929,,,240,592
B0G24KB9M6,长尾礁公园,观音山梦幻海岸度假区沙滩休闲娱乐区,0,风景名胜,4.2,厦门市,118.200305,24.496451,00:00,23:59,90,592
B001B0JP4S,武汉长江大桥,临江大道19附近,0,风景名胜,4.8,武汉市,114.292874,30.547225,00:00,23:59,60,27
B00141TJLD,长隆野生动物世界,汉溪大道东299号,350,风景名胜,4.8,广州市,113.315593,23.00266,,,360,20
B00141PPGX,广州长隆野生动物世界-鹈鹕水寨,汉溪大道东299号长隆野生动物世界内(西南角),0,风景名胜,3.5,广州市,113.31446,23.000163,,,30,20
B0FFKQZV5H,长隆野生动物世界小火车乘游区,汉溪大道东299号长隆野生动物世界内(北侧),350,风景名胜,4.5,广州市,113.31496,23.006238,,,240,20
B0FFGLQLDL,广州长隆野生动物世界-金猴王国,汉溪大道东299号长隆野生动物世界内(东北角),350,风景名胜,4.1,广州市,113.317335,23.00633,00:00,23:59,180,20
B0FFFWI5P6,长隆野生动物世界-亚洲森林,汉溪大道东299号长隆野生动物世界内(西北角),350,风景名胜,3.5,广州市,113.312818,23.004638,,,240,20
B0FFFWI6K1,广州长隆野生动物世界-羊驼,汉溪大道东299号长隆野生动物世界内(西北角),350,风景名胜,3.2,广州市,113.312432,23.005157,00:00,23:59,60,20
B0FFFTAVDK,广州长隆野生动物世界-犀鸟飞天,汉溪大道东299号长隆野生动物世界内,0,风景名胜,3.2,广州市,113.313986,23.001852,00:00,23:59,15,20
B0014014AD,广州市白云山风景名胜区(暂停开放),广园中路801号,50,风景名胜,4.8,广州市,113.297044,23.180176,00:00,23:59,240,20
B00140SFYB,白云山索道,白云山路白云山栖霞岭南麓起凤楼,45,风景名胜,4.8,广州市,113.294465,23.155909,09:00,17:00,60,20
B00140T8O6,广州市白云山风景名胜区山顶公园,广园中路801号白云山风景名胜区,50,风景名胜,4.7,广州市,113.300079,23.172004,00:00,23:59,180,20
B00141RH20,北京路步行街,"北京路(地铁1,2号线公园前站E出口步行170米)",80,风景名胜,4.8,广州市,113.267679,23.120946,00:00,23:59,180,20
B001B0I4K0,黄鹤楼,蛇山西山坡特1号(地铁司门口黄鹤楼站A出口步行500m),70,风景名胜,4.8,武汉市,114.302467,30.544649,,,120,27
B001B0IY32,黄鹤楼公园,蛇山西山坡特1号,70,风景名胜,4.8,武汉市,114.307795,30.542529,08:30,18:00,120,27
B0FFMAZ60W,黄鹤楼故址,黄鹤楼街街道长江大桥武昌桥头下临江大道辅路边,0,风景名胜,4.4,武汉市,114.293382,30.546671,,,45,27
B001B1ASNQ,黄鹤楼公园-白云阁,民主路56号黄鹤楼,70,风景名胜,4.2,武汉市,114.30532,30.544365,08:30,18:00,45,27
B0FFLGDQK2,黄鹤楼公园首义景区,武珞路辅路与首义路交叉口东180米,0,风景名胜,3.9,武汉市,114.311733,30.540685,00:00,23:59,90,27
B0JU3A1BBS,黄鹤楼红墙,青龙巷与横街交叉口东20米(司门口黄鹤楼地铁站C口旁),0,风景名胜,4.7,武汉市,114.302365,30.547771,00:00,23:59,30,27
B0FFHONIK0,东湖绿道,沿湖大道16号东湖生态旅游风景区附近,0,风景名胜,4.8,武汉市,114.374989,30.574625,00:00,23:59,180,27
B0IGCDB3BO,东湖绿道-全景广场,东湖绿道,0,风景名胜,4.5,武汉市,114.404315,30.545644,,,90,27
B03830047D,三亚南山文化旅游区,南山村,150,风景名胜,4.8,三亚市,109.208349,18.298366,08:00,17:00,240,899
B03830NAKQ,南山寺,南山文化旅游区内,120,风景名胜,4.7,三亚市,109.200489,18.289184,08:00,17:00,180,899
B0FFFGZOZE,南山文化旅游区-南山休闲广场,南山村南山文化旅游区内,0,风景名胜,4.3,三亚市,109.209782,18.307807,00:00,23:59,45,899
B03830N5F6,南山别院,崖城镇三亚南山文化旅游区内(西南角),0,风景名胜,4.3,三亚市,109.204195,18.293044,08:00,18:00,45,899
B03830048T,天涯海角游览区,天涯镇马岭山麓,120,风景名胜,4.7,三亚市,109.34814,18.29499,,,180,899
B0J055XVTY,天涯海角广场,桶井(马岭-羊栏)火车站牌西南侧50米,0,风景名胜,4.3,三亚市,109.35065,18.292576,,,60,899
B03830NGLJ,天涯海角游览区-天涯石,天涯镇天涯海角游览区(西北角),95,风景名胜,4.7,三亚市,109.343295,18.298653,,,90,899
B03830NTCB,天涯海角游览区海角石,天涯镇马岭山麓天涯海角游览区内(西北角),120,风景名胜,4.6,三亚市,109.343169,18.298771,07:00,18:20,90,899
B0FFF2FCD1,天涯海角游览区天涯码头,天涯镇马岭山麓天涯海角游览区内(南侧),120,风景名胜,3.7,三亚市,109.347651,18.292418,,,90,899
B03830NT4E,天涯海角游览区-神像沐海,天涯海角游览区内(南侧),0,风景名胜,3.3,三亚市,109.348629,18.291968,,,30,899
B0383011JF,亚龙湾热带天堂森林公园,吉阳镇亚龙湾,180,风景名胜,4.7,三亚市,109.643059,18.253643,08:00,18:00,240,899
B0FFFY9OQG,亚龙湾热带天堂森林公园-沧海楼,亚龙湾国家旅游度假区亚龙湾热带天堂森林公园内,150,风景名胜,3.7,三亚市,109.642488,18.250724,07:30,18:30,90,899
B0FFMA07T4,大佛石全海景玻璃栈道,吉阳镇亚龙湾热带天堂森林公园山顶,150,风景名胜,4.1,三亚市,109.643092,18.251821,09:00,18:00,90,899
B0FFFYALXD,亚龙湾热带天堂森林公园-兰花谷,六盘路热带天堂森林公园内,150,风景名胜,3.7,三亚市,109.631111,18.254409,07:30,18:00,90,899
B03830N2UA,亚龙湾国际玫瑰谷,吉阳镇博后北路9号,80,风景名胜,3.9,三亚市,109.616002,18.240356,08:00,17:30,90,899
B0383004FL,亚龙湾海底世界,亚龙湾国家旅游度假区龙海路2号,180,风景名胜,4.3,三亚市,109.656975,18.23307,08:00,17:00,120,899
B03830NR8L,三亚千古情景区,河东区街道迎宾路333号,280,风景名胜,4.7,三亚市,109.530918,18.29101,,,240,899
B03830MO5N,鹿回头风景区,鹿岭路,80,风景名胜,4.7,三亚市,109.50131,18.225639,08:00,22:30,120,899
B021407PX0,崂山风景区,崂山景区旅游专用路,180,风景名胜,4.8,青岛市,120.618274,36.184922,07:30,18:45,240,532
B0FFF3LKU8,青岛崂山国家级风景名胜区-仰口沙滩,崂山景区旅游专用路附近,50,风景名胜,4.6,青岛市,120.672295,36.240552,09:00,18:00,180,532
B0FFH09ALK,崂山风景区太清游览区,崂山风景区内(东南角),150,风景名胜,4.7,青岛市,120.670827,36.146894,,,180,532
B021402991,五四广场,东海西路(五四广场地铁站C口步行170米),0,风景名胜,4.9,青岛市,120.384576,36.06274,00:00,23:59,60,532
B021406QLO,五四广场五月的风,东海西路35号,0,风景名胜,4.8,青岛市,120.385265,36.061427,00:00,23:59,60,532
B038300088,南山大小洞天旅游区,崖城,150,风景名胜,4.7,三亚市,109.158067,18.30089,08:30,17:30,180,899
B0FFK7E8DM,南山大小洞天旅游区-小洞天,大小洞天旅游区,130,风景名胜,4.5,三亚市,109.157408,18.296031,,,90,899
B0LR3CD9UO,三亚大小洞天旅游区-观景台,南山大小洞天旅游区-小洞天,0,观景点,4.0,三亚市,109.158099,18.294611,,,45,899
B0FFG2D53K,南山大小洞天旅游区-洞天福地,崖城镇三亚大小洞天旅游区内,130,风景名胜,4.2,三亚市,109.157506,18.295598,,,180,899
B0FFKIV07O,南山大小洞天旅游区-南国仙境,崖城三亚大小洞天旅游区内,130,风景名胜,3.1,三亚市,109.158514,18.295584,,,180,899
B0FFKIWV4Q,南山大小洞天旅游区-仙坛,崖城三亚大小洞天旅游区内,130,风景名胜,3.1,三亚市,109.158424,18.295542,,,45,899
B0FFITKFES,三亚红色娘子军景区,槟榔河国际乡村文化旅游区B-1-3地块,120,风景名胜,4.6,三亚市,109.488031,18.336152,09:00,22:00,180,899
B00140WBI1,广州塔,赤岗街道新鸿社区滨江东路222号,150,风景名胜,4.9,广州市,113.324521,23.106428,09:30,22:30,180,20
B0FFG302W2,广州塔观光区西登塔,阅江西路222号广州塔内(广州塔地铁站出入口旁),150,风景名胜,3.9,广州市,113.323889,23.105938,,,90,20
B00141W8AO,广州塔-东广场,阅江西路222号广州塔首层,0,风景名胜,4.5,广州市,113.325324,23.106236,,,45,20
B0FFFAJYVI,沙面岛,沙面南街52号,0,风景名胜,4.8,广州市,113.244707,23.106802,00:00,23:59,120,20
B0FFHJ2A62,沙面岛-江边广场,沙面岛内(南侧),0,风景名胜,4.6,广州市,113.244381,23.105292,00:00,23:59,60,20
B0FFK28D3X,沙面环岛旧石堤,沙面岛沙面北街(黄沙地铁站出入口步行430米),0,风景名胜,4.1,广州市,113.242509,23.108233,,,60,20
B0FFFYPEE9,广州长隆旅游度假区,汉溪大道东299号,350,风景名胜,4.8,广州市,113.323636,23.00157,09:30,22:00,480,20
B0FFF9QAPE,长隆地铁广场,汉溪大道东299号广州长隆旅游度假区长隆地铁广场,0,风景名胜,4.5,广州市,113.329561,22.994643,00:00,23:59,30,20
B023B13L9M,杭州西湖风景名胜区,西湖街道龙井路1号,0,风景名胜,4.9,杭州市,120.121288,30.222724,00:00,23:59,240,571
B023B01EE6,杭州西湖风景名胜区-断桥残雪,龙井路1号杭州西湖风景名胜区内(东北角),0,风景名胜,4.8,杭州市,120.151299,30.258106,00:00,23:59,60,571
B0FFFPPTEL,杭州西湖风景名胜区-断桥,北山街与白堤交叉口,0,风景名胜,4.7,杭州市,120.151347,30.258151,00:00,23:59,45,571
B023B05MLT,杭州西湖风景名胜区-湖滨公园,龙井路1号杭州西湖风景名胜区内(东北角),0,风景名胜,4.9,杭州市,120.158818,30.256583,00:00,23:59,90,571
B023B1AWMA,杭州西湖,北山路87号,0,风景名胜,4.6,杭州市,120.134892,30.250224,,,180,571
B023B13YJB,杭州西湖风景名胜区-六公园,杭州西湖风景名胜区内(东北角),0,风景名胜,4.8,杭州市,120.15777,30.258607,00:00,23:59,60,571
B0FFG977HY,西湖景区音乐喷泉,杭州西湖风景名胜区内(龙翔桥地铁站出入口步行260米),0,风景名胜,4.6,杭州市,120.161115,30.253911,19:30,19:50,20,571
B023B1EQES,杭州西湖风景名胜区-五公园,杭州西湖风景名胜区内(龙翔桥地铁站B出口步行430米),0,风景名胜,4.6,杭州市,120.159631,30.256228,00:00,23:59,60,571
B023B0AC72,西湖风景区-苏堤,龙井路1号杭州西湖风景名胜区内(东侧),0,风景名胜,4.8,杭州市,120.144497,30.2287,00:00,23:59,90,571
B023B02842,灵隐寺,法云弄1号,90,风景名胜,4.9,杭州市,120.101406,30.240826,06:30,18:00,120,571
B0FFHZRA09,灵隐寺-飞来峰-梵天佛地,灵隐寺法云弄16号(近灵隐寺)永福禅寺内,75,风景名胜,4.2,杭州市,120.100101,30.239343,,,180,571
B023B17XAC,灵隐寺-天王殿,西湖街道法云弄1号灵隐寺内(南侧),0,风景名胜,4.5,杭州市,120.101695,30.240103,,,30,571
B023B14CB8,灵隐景区,灵隐路法云弄1号,80,风景名胜,4.7,杭州市,120.100804,30.240882,06:30,16:00,180,571
B023B17XB8,灵隐寺-念佛堂,法云弄1号,0,风景名胜,,杭州市,120.102195,30.241488,,,30,571
B023B17X7V,灵隐寺-两石塔,法云弄1号灵隐寺,0,风景名胜,3.4,杭州市,120.101245,30.240511,,,20,571
B023B025FB,杭州宋城,之江路148号,320,风景名胜,4.8,杭州市,120.098741,30.169795,09:30,21:00,240,571
B0FFFSNY3R,宋城-宋河,之江路148号宋城,320,风景名胜,3.8,杭州市,120.098088,30.169738,,,180,571
B0I1310PMW,宋城千古情,转塘街道之江路148号宋城,320,风景名胜,4.8,杭州市,120.097452,30.170388,10:00,21:00,240,571
B0L1571D01,杭州湘湖宋城景区,博奥南路与湖畔南街交叉口南220米,180,风景名胜,3.9,杭州市,120.24653,30.161067,09:30,17:00,240,571
B0FFKF9AMI,宋城-黄大仙祠,之江路148号宋城内,0,风景名胜,3.5,杭州市,120.09688,30.17036,,,45,571
B0JBASDT9R,宋城-中心桥,之江路148号杭州宋城,320,风景名胜,3.5,杭州市,120.09787,30.169482,,,240,571
B0FFKCMYQF,楼外楼东楼,杭州西湖风景名胜区内(东北角),180,风景名胜,4.4,杭州市,120.141938,30.250224,11:00,14:00,90,571
B020001DMQ,虎丘山风景区,虎丘山门内8号,80,风景名胜,4.8,苏州市,120.580016,31.334584,,,120,512
B02001BQMS,虎丘山风景区码头,山塘街935号,40,风景名胜,,苏州市,120.57929,31.333846,08:00,17:00,60,512
B02000KAKI,虎丘塔,虎丘街道山门内8号虎丘山风景名胜区内,80,风景名胜,4.7,苏州市,120.580553,31.335827,07:30,17:30,90,512
B02001AKAR,虎丘山风景区-第三泉,山门内8号虎丘山风景区,80,风景名胜,4.0,苏州市,120.580456,31.335343,07:30,17:30,45,512
B0FFF9TRLT,虎丘山风景区-一榭园,山塘街虎丘山门内8号,80,风景名胜,4.5,苏州市,120.581623,31.33753,,,90,512
B02001AKGF,虎丘山风景区-望苏台,山门内8号虎丘山风景名胜区内,0,风景名胜,4.0,苏州市,120.581513,31.335428,,,15,512
B0FFFDP6B5,虎丘山风景区-大雄宝殿,山门内8号虎丘山风景区,50,风景名胜,4.1,苏州市,120.581108,31.335484,,,45,512
B02000IFFA,留园,阊门外留园路338号,55,风景名胜,4.8,苏州市,120.59226,31.315369,,,120,512
B02001AKPL,留园-曲溪楼,阊门外留园路338号留园,55,风景名胜,3.9,苏州市,120.592788,31.315342,08:00,16:00,60,512
B0FFFEXH9P,留园-又一村,阊门外留园路338号留园(东北角),55,风景名胜,3.9,苏州市,120.592734,31.31614,,,90,512
B0FFFSROOP,留园-荷花台,阊门外留园路338号留园,55,风景名胜,3.4,苏州市,120.592491,31.315231,,,45,512
B0FFFSRP17,留园-可亭,阊门外留园路338号留园,55,风景名胜,4.1,苏州市,120.592304,31.315634,,,30,512
B0FFFGZAEM,留园-绿荫,阊门外留园路338号留园,55,风景名胜,3.7,苏州市,120.59272,31.315287,,,90,512
B00150F6D6,东方明珠广播电视塔,世纪大道1号,180,风景名胜,4.8,上海市,121.499718,31.239703,09:00,21:00,180,21
B0FFG4JZTG,东方明珠广播电视塔-城市广场,世纪大道1号(陆家嘴地铁站1号入口步行410米),0,风景名胜,4.8,上海市,121.500271,31.239193,,,30,21
B0LRVSK093,东方明珠塔地标乐园,世纪大道1号东方明珠广播电视塔,180,风景名胜,4.0,上海市,121.499679,31.239677,,,120,21
B0FFHGOGY5,东方明珠广播电视塔-城市长廊,世纪大道1号(陆家嘴地铁站1号入口步行320米),180,风景名胜,4.0,上海市,121.499971,31.239436,10:00,20:00,90,21
B00155FXB3,外滩,中山东一路49号,0,风景名胜,4.9,上海市,121.492127,31.233516,00:00,23:59,90,21
B00156YOAL,外滩-观景大道,中山东一路(外滩)411号,0,风景名胜,4.8,上海市,121.490509,31.238062,,,90,21
B0FFLBPUT6,外滩观景台,外滩(西北角),0,观景点,4.9,上海市,121.490482,31.237247,,,90,21
B00155IMN5,豫园-九曲桥,豫园街道城隍庙内豫园路115号绿波廊酒楼两楼,0,风景名胜,4.7,上海市,121.491811,31.226662,00:00,23:59,30,21
B023B09LKR,雷峰塔景区,南山路15号,80,风景名胜,4.8,杭州市,120.148849,30.230934,,,90,571
B0FFGOWPEV,雷峰塔景区雷峰塔,南山路15号,40,风景名胜,4.7,杭州市,120.149689,30.231535,08:00,17:30,90,571
B0FFLNNM72,雷峰塔文物馆,西湖街道西湖街道龙井路1号杭州西湖风景名胜区内(东北角),40,风景名胜,4.3,杭州市,120.143141,30.251048,,,90,571
B023B01FC0,雷峰塔景区-雷峰夕照,西湖街道南山路15号雷峰塔景区内(北侧),40,风景名胜,4.5,杭州市,120.148835,30.231725,,,90,571
B0FFFPDRSD,雷峰塔重建记,南山路15号雷峰塔景区内,40,风景名胜,3.6,杭州市,120.149259,30.230566,,,45,571
B023B0AC71,雷峰塔景区-放生池,西湖街道杭州西湖风景名胜区南山路15号旁,0,风景名胜,4.3,杭州市,120.148818,30.229789,08:00,16:30,30,571
B0FFK2MQO5,雷峰塔景区-观景台,南山路15号雷峰塔景区内(北侧),40,观景点,4.1,杭州市,120.148622,30.232091,,,45,571
B02F37V2O5,深圳世界之窗,深南大道9037号,220,风景名胜,4.7,深圳市,113.972981,22.534662,09:30,21:00,240,755
B0FFFSSQK2,世界之窗亚洲区,深南大道9037号(世界之窗地铁站J口步行260米),220,风景名胜,4.3,深圳市,113.975827,22.534365,,,180,755
B0FFIY4PCG,世界之窗-美洲区,世界之窗(西侧),220,风景名胜,4.4,深圳市,113.970245,22.535101,,,90,755
B0FFK9JGBL,世界之窗-大洋洲区,沙河街道世界之窗大洋洲景区内,220,风景名胜,3.9,深圳市,113.975671,22.531827,,,45,755
B02F38NJK2,世界之窗-恺撒宫,深南大道9037号世界之窗,220,风景名胜,4.3,深圳市,113.973375,22.535016,,,60,755
B02F38NJKN,世界之窗中华门,深南大道9037号深圳世界之窗内(东侧),0,风景名胜,3.8,深圳市,113.975299,22.534617,10:00,22:00,30,755
B0FFHLUBDF,世界之窗-大峡谷探险漂流,深南大道9037号深圳世界之窗内(西侧),50,风景名胜,4.3,深圳市,113.970046,22.534112,,,30,755
B0GDFSX0T6,欢乐港湾,海天路与宝兴路交汇处,120,风景名胜,4.8,深圳市,113.883731,22.544558,06:00,23:00,180,755
B0FFMG93N8,欢乐港湾-滨海文化公园,欢乐港湾(西北角),0,风景名胜,4.7,深圳市,113.881679,22.54547,06:00,23:00,180,755
B0FFFRDS71,深圳湾公园,滨海大道(近望海路),0,风景名胜,4.8,深圳市,113.972602,22.518968,06:00,23:00,120,755
B02F38IOQT,深圳湾公园海风运动公园,望海路,0,风景名胜,4.8,深圳市,113.94696,22.486199,06:00,23:00,90,755
B0FFHLMYG0,深圳湾公园B区,望海路深圳湾公园内(西侧),0,风景名胜,4.5,深圳市,113.953982,22.514512,,,90,755
B02F37WQSV,深圳湾公园流花山公园,东滨沙河西立交桥,0,风景名胜,4.8,深圳市,113.953692,22.512274,06:00,23:00,90,755
B0FFHLL0AK,深圳湾公园A区,滨海侨城东立交桥东150米,0,风景名胜,4.1,深圳市,113.980649,22.518609,00:00,23:59,90,755
B0FFG9LFE7,深圳湾公园-北区,滨海大道辅路与滨海沙河东立交桥交叉口东南60米,0,风景名胜,4.1,深圳市,113.963028,22.519071,00:00,23:59,90,755
B0FFGY3L5O,深圳湾公园白鹭坡,深圳市南山区滨海大道,0,风景名胜,4.7,深圳市,113.972245,22.51919,06:00,23:00,90,755
B0GKOA6YKL,深圳湾公园观桥公园,望海路附近,0,风景名胜,4.6,深圳市,113.951988,22.488257,00:00,23:59,90,755
B02140YTFX,青岛崂山国家级风景名胜区-流清游览区,崂山景区,120,风景名胜,4.7,青岛市,120.622902,36.135219,,,180,532
B021413Q0S,青岛崂山国家级风景名胜区-紫竹幽谷,天水路(崂山华楼游览区),0,风景名胜,4.3,青岛市,120.480904,36.203083,,,90,532
B021406QJT,青岛崂山国家级风景名胜区-飞龙瀑,崂山路青岛崂山国家级风景名胜区旅游专用路,120,风景名胜,4.0,青岛市,120.611396,36.220147,,,45,532
B02140099F,崂山风景区巨峰游览区,大河东,150,风景名胜,4.9,青岛市,120.620209,36.182855,07:00,16:30,240,532
B02140379E,崂山风景区九水游览区,崂山风景区内(北侧),120,风景名胜,4.8,青岛市,120.607996,36.210433,07:00,16:30,180,532
B02140099E,潮音瀑,崂山风景区九水游览区(东南角),80,风景名胜,4.6,青岛市,120.61494,36.200847,07:00,17:00,60,532
B0FFFYBZ8M,青岛巨峰风景区-崂山巨峰,崂山风景区内,120,风景名胜,4.4,青岛市,120.62874,36.17007,,,240,532
B0214009A0,崂山风景区-华严游览区,青岛崂山国家级风景名胜区内,120,风景名胜,4.5,青岛市,120.666721,36.187583,07:00,16:30,180,532
B0FFFS0ABR,中山陵南广场,石象路7号,0,风景名胜,4.6,南京市,118.852363,32.054183,00:00,23:59,45,25
B00190ABSX,中山陵祭堂,石象路7号中山陵园风景区,0,风景名胜,4.8,南京市,118.853308,32.06221,08:30,17:00,60,25
B001909G6V,钟山风景名胜区中山陵景区音乐台,石象路7号,20,风景名胜,4.8,南京市,118.855382,32.055096,,,45,25
B00190BC25,中山门,中山东路325号(南京博物院),0,风景名胜,4.7,南京市,118.82733,32.03871,08:30,17:30,45,25
B00190001C,中山门广场,宁杭公路(苜蓿园地铁站2号口步行440米),0,风景名胜,4.2,南京市,118.82939,32.039467,00:00,23:59,30,25
B0IRL7GA94,中山门入口公园,明陵路1号钟山风景名胜区内西南侧,0,风景名胜,4.4,南京市,118.831981,32.042406,00:00,23:59,45,25
B00190BDDQ,栖霞山风景名胜区,栖霞街88号,50,风景名胜,4.8,南京市,118.96776,32.155446,07:00,17:00,180,25
B0KDCHO3PT,栖霞山·慕缇达玛静修院,栖霞街栖霞古镇81-8(C5栋),40,风景名胜,3.4,南京市,118.953806,32.14915,,,90,25
B00190D2L7,栖霞山名胜风景区摄山栖霞寺,栖霞街88号(近栖霞大道)栖霞山风景名胜区内(西侧),50,风景名胜,4.6,南京市,118.957983,32.151807,08:00,17:00,180,25
B001912JNK,栖霞山名胜风景区-叠浪岩,栖霞街88号(近栖霞大道)栖霞山风景名胜区内(西侧),50,风景名胜,3.5,南京市,118.959544,32.153237,,,45,25
B017B00X4D,龙门石窟,龙门中街13号,120,风景名胜,4.8,洛阳市,112.477463,34.558782,08:00,21:00,180,379
B0FFH6KSBC,龙门石窟-西山石窟,龙门中街13号龙门石窟内(南侧),120,风景名胜,4.8,洛阳市,112.476692,34.552236,08:00,18:30,180,379
B017B0PQ4H,龙门石窟-万佛洞,龙门石窟龙门西山,90,风景名胜,4.4,洛阳市,112.476832,34.553017,,,45,379
B0HKLLUU3E,龙门石窟-香山白园,龙门桥下龙门石窟景区内,90,风景名胜,4.6,洛阳市,112.481912,34.557979,08:00,17:30,60,379
B0FFHUC3GQ,洛邑古城,九都东路与柳林街交叉口北侧,80,风景名胜,4.8,洛阳市,112.485027,34.680541,09:00,23:00,180,379
B0FFJPNISA,洛邑古城广场,南关街道九都路柳林街口洛邑古城内(东南角),0,风景名胜,4.6,洛阳市,112.486075,34.67905,00:00,23:59,90,379
B0FFLF8OH8,洛邑古城牌坊,九都路柳林街口洛邑古城内(东南角),0,风景名胜,4.1,洛阳市,112.486336,34.678245,,,30,379
B0LGRS6OUH,洛邑古城西北门楼,民主街59号(洛邑古城地铁站A1口步行170米),0,风景名胜,4.5,洛阳市,112.484837,34.684192,,,30,379
B0FFG19SSX,栈桥景区,太平路12号(青岛站地铁站G口步行260米),0,风景名胜,4.8,青岛市,120.3193,36.061736,00:00,23:59,60,532
B021410VLG,青岛湾栈桥码头,莱西路6号(近海军博物馆),80,风景名胜,,青岛市,120.327616,36.057789,,,60,532
B00190BBS0,古林公园,宁海路街道虎踞北路21号,0,风景名胜,4.8,南京市,118.753335,32.066877,06:30,20:00,90,25
B0FFFX0V0S,古林公园-嬉水园,宁海路街道虎踞北路21号古林公园,0,风景名胜,3.4,南京市,118.753518,32.067446,00:00,23:59,60,25
B0FFFDCQB8,古林公园-远香榭,虎踞北路21号古林公园古林公园-牡丹园(内环西线)附近,0,风景名胜,3.2,南京市,118.751891,32.067524,,,45,25
B0FFK80CYR,古林公园-金陵梅桩园,虎踞北路21号古林公园内(东南角),0,风景名胜,2.9,南京市,118.753971,32.065554,,,60,25
B0019067SV,午朝门公园,瑞金路街道御道街27号(明故宫遗址),0,风景名胜,4.8,南京市,118.817599,32.038177,06:00,21:00,60,25
B0FFFA08CG,午朝门公园-午门(明故宫路),瑞金路街道御道街27号午朝门公园内(南侧),0,风景名胜,4.4,南京市,118.817583,32.037526,,,60,25
B00190BC3Q,南京明故宫遗址公园,中山东路311-3号(明故宫地铁站3号口步行140米),0,风景名胜,4.7,南京市,118.817968,32.04145,06:30,20:30,90,25
B0FFI6ZK8E,午朝门公园-内五龙桥,瑞金路街道御道街27号午朝门公园,0,风景名胜,3.1,南京市,118.817581,32.037923,,,45,25
B001912JCP,午朝门公园-奉天门遗址石刻园,瑞金路街道御道街27号午朝门公园内(北侧),0,风景名胜,4.0,南京市,118.817494,32.038669,,,45,25
B0FFMAVDTT,明故宫梦记,午朝门公园(南京明故宫遗址公园南),0,风景名胜,3.3,南京市,118.817836,32.038879,,,45,25
B0KUBRSVPM,明有司官赴任仪注碑,瑞金路街道御道街27号午朝门公园,0,风景名胜,3.3,南京市,118.817606,32.037794,,,30,25
B00190AMPR,中华门,中华路,50,风景名胜,4.7,南京市,118.781821,32.0128,08:30,22:00,90,25
B0FFGEZRAL,中华门-南京城墙,中华路,50,风景名胜,4.7,南京市,118.781791,32.012951,00:00,23:59,90,25
B0G13L3969,中华门广场,中华路与钓鱼台交叉口东北40米,0,风景名胜,3.8,南京市,118.781634,32.013806,00:00,23:59,30,25
B0FFGMFOH4,中华门古箭馆,中华路中华门内(近北门),40,风景名胜,3.1,南京市,118.78178,32.012851,09:00,17:00,60,25
B0FFHM3UMO,中华门-码头,中华路与信府河交叉口南20米,0,风景名胜,4.0,南京市,118.782398,32.013259,,,45,25
B03530P3K2,黔灵山公园,枣山路187号,5,风景名胜,4.8,贵阳市,106.69223,26.598319,07:00,20:00,180,851
B0K01U80T5,黔灵山公园·百福齐臻,枣山路187号,0,风景名胜,3.0,贵阳市,106.692314,26.594546,,,45,851
B0FFFVIJ0C,黔灵山公园动物园,枣山路187号黔灵山公园内(东侧),25,风景名胜,4.7,贵阳市,106.696629,26.598972,10:00,17:00,90,851
B03530P200,贵阳市黔灵山公园-大罗泉,枣山路187号黔灵山公园,5,风景名胜,4.1,贵阳市,106.690833,26.599403,,,30,851
B0FFGGDYDO,东山山体公园,宝山南路22号附近,0,风景名胜,4.8,贵阳市,106.727332,26.577969,07:00,20:30,90,851
B0FFI2KCK8,东山山体公园-观音殿,栖霞路东山寺(省人民医院地铁站C口步行230米),0,风景名胜,4.5,贵阳市,106.727567,26.57893,,,60,851
B0KUB7XHY8,东山寺牌坊,东山山体公园(省人民医院地铁站B口步行420米),0,风景名胜,4.8,贵阳市,106.72659,26.576353,,,60,851
B0KUBRMH8L,圣沣长廊,东山山体公园(省人民医院地铁站B口步行370米),0,风景名胜,3.1,贵阳市,106.7279,26.57657,,,45,851
B0FFG6OTD5,平江路,平江街道白塔东路65号,80,风景名胜,4.9,苏州市,120.634556,31.313969,00:00,23:59,120,512
B020019OXQ,金鸡湖景区,苏州工业园区金鸡湖环湖,0,风景名胜,4.9,苏州市,120.704824,31.310263,,,180,512
B0FFFHZ514,金鸡湖音乐喷泉,金鸡湖湖西(东方之门地铁站8东北口步行490米),0,风景名胜,4.8,苏州市,120.683342,31.318664,10:00,22:00,60,512
B02001AKDW,金鸡湖景区-湖心亭,苏州工业园区石港路18号金鸡湖景区(西南角),0,风景名胜,4.8,苏州市,120.693537,31.303739,00:00,23:59,45,512
B0K1L72CP6,金鸡湖景区-小金鸡湖码头,金鸡湖景区(李公堤南地铁站3西北口步行320米),80,风景名胜,4.1,苏州市,120.693522,31.298118,,,90,512
B02001741Q,金鸡湖风之园,苏州工业园区金鸡湖景区内(西侧),0,风景名胜,4.8,苏州市,120.683981,31.306596,00:00,23:59,90,512
B02000IC4W,天平山风景名胜区,木渎镇灵天路,80,风景名胜,4.7,苏州市,120.504155,31.287304,08:00,17:00,180,512
B02001AKIF,天平山庄-天平寺,木渎镇灵天路山里人家向西200米,50,风景名胜,4.4,苏州市,120.499789,31.272239,07:30,17:00,90,512
B0FFL3LBOW,天平山风景名胜区-南园,天平山风景名胜区内(西南角),40,风景名胜,4.0,苏州市,120.501387,31.282383,,,90,512
B0HRRSRMUE,天平山景区-山顶观景台,木渎镇天平山风景区,50,观景点,4.0,苏州市,120.500538,31.289343,,,45,512
B0FFL9BJCU,天平山景区-石佛,灵天路天平山风景名胜区内,0,风景名胜,2.6,苏州市,120.500941,31.287637,,,30,512
B0FFF53QWB,天平山景区-天云寺,天平山风景名胜区天云寺,40,风景名胜,4.3,苏州市,120.501349,31.290448,08:00,17:00,90,512
B02001AKJI,沧浪亭(北门),沧浪亭街3号(三元坊地铁站2号东南口步行370米),25,风景名胜,4.4,苏州市,120.625285,31.294921,,,90,512
B0K03DX6AF,沧浪亭逅街,沧浪亭街30号(南门地铁站3号东北口步行430米),0,风景名胜,,苏州市,120.626955,31.294541,09:00,18:00,45,512
B020001IYY,沧浪亭,人民路沧浪亭街3号(近人民路),25,风景名胜,4.8,苏州市,120.625746,31.294656,,,90,512
B0250043J5,玩月坡,滨海街道环岛南路4567-22号椰风寨(西南角),0,风景名胜,4.7,厦门市,118.154169,24.437018,00:00,23:59,60,592
B0HUPAOOI4,野滩Wild Beach-黄厝玩月坡沙滩,玩月坡,0,风景名胜,4.2,厦门市,118.153189,24.436649,,,180,592
B0FFGXM36J,玩月坡海岸,环岛南路2696号,0,风景名胜,4.4,厦门市,118.15387,24.437404,,,90,592
B0250043LT,狐尾山公园,湖滨中路狐尾山气象主题公园内,0,风景名胜,4.7,厦门市,118.086277,24.483896,00:00,23:59,90,592
B0250049DU,狐尾山公园-东门广场,狐尾山公园,0,风景名胜,3.3,厦门市,118.091204,24.484446,,,90,592
B0FFH89ER2,狐尾山公园-观景台,狐尾山公园内(南侧),0,风景名胜,4.4,厦门市,118.086136,24.481392,,,60,592
B0HB3Z796Q,狐尾山公园-樱花谷,气象台路85号之5号,0,风景名胜,4.5,厦门市,118.086023,24.481707,08:00,17:30,90,592
B0KUB7WUVY,狐尾山公园-和美园,狐尾山公园(东北角),0,风景名胜,4.2,厦门市,118.091957,24.489158,,,90,592
B0FFG0PMYE,狐尾山公园-降水现象解说区,狐尾山公园(西南角),0,风景名胜,3.5,厦门市,118.080891,24.48082,,,45,592
B02500TPUV,狐尾山公园-中外气象名人园区,狐尾山公园(西南角),0,风景名胜,3.9,厦门市,118.080275,24.48021,,,60,592
B0FFFFXYTM,厦门海上明珠塔,气象台路85号(近东渡狐尾山顶),80,风景名胜,4.6,厦门市,118.084956,24.482075,08:00,18:00,90,592
B020017EP4,旺山景区,吴中大道,80,风景名胜,4.8,苏州市,120.550366,31.215651,08:30,16:30,180,512
B02000JHG3,旺山景区-九龙潭景区,横泾镇旺山景区(东北角),80,风景名胜,4.5,苏州市,120.555699,31.218705,08:30,16:30,90,512
B020017CHM,旺山景区-上山塘景区,旺山景区,80,风景名胜,3.7,苏州市,120.552249,31.212741,,,120,512
B02000JHG2,旺山景区-叆叇岭景区,越溪街道旺山生态园景区内,80,风景名胜,4.7,苏州市,120.543067,31.214022,08:30,17:00,90,512
B0FFKV2239,旺山景区-九龙戏水瀑布,旺山景区(东北角),0,风景名胜,4.2,苏州市,120.556306,31.220845,,,45,512
B020005I6D,旺山景区-宝华禅寺,吴中大道旺山景区,30,风景名胜,4.6,苏州市,120.547811,31.216866,,,90,512
B020017BLN,旺山景区-乾元寺,横泾镇旺山景区,0,风景名胜,4.6,苏州市,120.559091,31.229919,,,90,512
B0FFI2OSBL,旺山景区-苏信锦鲤,旺山景区,50,风景名胜,3.8,苏州市,120.549822,31.214685,09:00,17:30,90,512
B02000ICP8,石湖景区,友新高架出口处,0,风景名胜,4.8,苏州市,120.597414,31.242582,,,180,512
B0FFFVONZF,石湖-滨湖景区,石湖景区(石湖莫舍地铁站3号东北口步行470米),0,风景名胜,4.8,苏州市,120.607308,31.22766,00:00,23:59,180,512
B0FFLADYJ8,苏州市石湖滨湖景区(渐佳桥),友新路石湖景区(东北角),0,风景名胜,3.5,苏州市,120.601939,31.247669,,,90,512
B0FFJ3X0YH,石湖景区-石堤,石湖景区内(东南角),0,风景名胜,3.6,苏州市,120.601888,31.238209,,,60,512
B0FFF35UNN,石湖景区-越城遗址,虎丘区高新区石湖北越来溪东,0,风景名胜,4.0,苏州市,120.595431,31.254892,,,90,512
B0FFHLPYRE,石湖景区-杨堤,石湖景区(东北角),0,风景名胜,3.5,苏州市,120.601873,31.248075,,,60,512
B02001DI2J,古运河夜游,盘胥路798号新市桥北侧,120,风景名胜,4.6,苏州市,120.611608,31.291771,18:00,20:30,90,512
B0FFF6WCB6,苏州古运河,盘胥路古运河码头(新市桥地铁站2东北口步行150米),120,风景名胜,4.6,苏州市,120.611501,31.29172,00:00,23:59,90,512
B0FFK0J354,相门古城墙-古运河游船,干将东路相门古城墙(相门地铁站2号口步行460米),80,风景名胜,4.7,苏州市,120.640166,31.31407,10:00,22:00,90,512
B0IB27T8N8,山塘街白居易码头游船,唐少傅白公祠内(东侧),80,风景名胜,4.7,苏州市,120.604131,31.315316,10:00,21:00,60,512
B017B00LMC,白马寺,白马寺镇洛白路6号,50,风景名胜,3.7,洛阳市,112.605311,34.721828,07:40,18:00,120,379
B0FFG2GHC6,白马寺-清凉台,洛白路6号白马寺内(北侧),35,风景名胜,4.0,洛阳市,112.605662,34.723365,07:30,18:00,45,379
B0L1DUUDEB,新白马寺,掘丁路与吕店立交桥交叉口西南100米,30,风景名胜,,洛阳市,112.627541,34.446128,,,90,379
B0KRK9C9GJ,白马寺-中国第一古刹,白马寺镇洛白路6号白马寺内(南侧),50,风景名胜,,洛阳市,112.605686,34.720745,,,120,379
B0FFFP29ZM,白马寺-大佛殿,洛白路6号白马寺,50,风景名胜,4.0,洛阳市,112.605688,34.722282,,,90,379
B0FFGPTBNM,安喜门,马道街,0,风景名胜,4.5,洛阳市,112.478486,34.690929,00:00,23:59,30,379
B00170L5D4,人民解放纪念碑,民族路177号,0,风景名胜,4.7,重庆市,106.577034,29.557204,00:00,23:59,30,23
B0FFFGZSCO,三亚凤凰岭海誓山盟景区,凤凰岭公园狗岭路300号,120,风景名胜,4.5,三亚市,109.545812,18.256983,09:00,23:00,120,899
B0KUBRP8FD,龙凤门,凤凰岭公园狗岭路300号三亚凤凰岭海誓山盟景区,0,风景名胜,2.7,三亚市,109.5459,18.257101,,,15,899
B0FFJ5JI7S,亚龙湾热带天堂森林公园-飞龙潭,亚龙湾国家旅游度假区亚龙湾热带天堂森林公园内(西侧),0,风景名胜,3.2,三亚市,109.632267,18.254792,,,30,899
B0FFM8IAK7,亚龙湾热带天堂森林公园-峭壁天池,亚龙湾热带天堂森林公园内(西北角),0,风景名胜,3.4,三亚市,109.633651,18.259213,07:30,18:30,45,899
B0FFHM7C05,亚龙湾热带天堂森林公园-擎天石,亚龙湾热带天堂森林公园,150,风景名胜,3.1,三亚市,109.639938,18.254334,,,180,899
B0FFK7LJXC,亚龙湾热带天堂森林公园-空山亭,亚龙湾热带天堂森林公园,150,风景名胜,3.4,三亚市,109.641993,18.252569,08:00,18:00,180,899
B0FFL50RF0,亚龙湾热带天堂森林公园-情人栈道,亚龙湾国家旅游度假区亚龙湾热带天堂森林公园内(西北角),0,风景名胜,3.5,三亚市,109.631895,18.260683,,,30,899
B03830MRM2,亚龙湾国家旅游度假区,亚龙湾路100号,200,风景名胜,4.8,三亚市,109.649664,18.235582,00:00,23:59,240,899
B0FFJ4HZ0K,亚龙湾中心广场,亚龙湾旅游度假区中心广场爱立方滨海乐园内,0,风景名胜,4.5,三亚市,109.648964,18.231001,08:00,18:00,60,899
B0FFM0MGNM,亚龙湾海滩,吉阳镇天下第一湾景区内,0,风景名胜,4.8,三亚市,109.646004,18.229188,00:00,23:59,180,899
B0FFFUBJXQ,蜈支洲岛旅游风景区,林旺蜈支洲岛,300,风景名胜,4.6,三亚市,109.766409,18.310365,08:30,19:00,360,899
B0FFH89H1Q,蜈支洲岛旅游风景区-情人岛,海棠湾镇蜈支洲岛三亚蜈支洲岛度假中心内,180,风景名胜,4.5,三亚市,109.77225,18.314059,08:00,18:30,240,899
B0FFG6Q6UU,蜈支洲岛半潜船观光区,海棠湾镇蜈支洲岛三亚蜈支洲岛度假中心,180,观景点,3.2,三亚市,109.76139,18.307803,,,45,899
B0FFK71UZ7,蜈支洲岛(项目收银处),海棠湾镇海渔村,300,风景名胜,4.5,三亚市,109.727538,18.274323,08:00,19:30,360,899
B0LUPZYUYV,富阳灵隐寺,万市镇,30,风景名胜,,杭州市,119.516165,30.09626,,,90,571
B001B099YI,起义门,首义南路最南端,0,风景名胜,4.6,武汉市,114.307285,30.525627,09:00,16:30,60,27
B0250043TG,厦门园林植物园-五老峰,开元街道思明南路南普陀寺后,0,风景名胜,4.4,厦门市,118.098056,24.446184,05:30,18:30,90,592
B0FFKCPLH8,太虚大师之塔,思明南路515号(近厦门大学)南普陀寺内,0,风景名胜,4.0,厦门市,118.097866,24.443201,,,30,592
B0214024B4,八大关风景区,武胜关支路10号,0,风景名胜,4.8,青岛市,120.350905,36.053545,00:00,23:59,180,532
B02140A255,八大关风景区-公主楼,八大关街道南区居庸关路10号八大关风景区内,20,观景点,4.6,青岛市,120.349532,36.052506,08:30,17:30,45,532
B0HR0KKK2D,八大关人工湖,武胜关支路10号八大关风景区,0,风景名胜,4.2,青岛市,120.352617,36.052873,,,60,532
B0FFH2LEN4,八大关风景区-英国规矩会旧址,香港西路10(中山公园地铁站C口步行200米),0,风景名胜,4.4,青岛市,120.353431,36.056471,,,45,532
B0FFHFT58N,八大关风景区-山海关路11号,八大关街道山海关路11号,0,风景名胜,4.5,青岛市,120.35019,36.051327,,,90,532
B0KUFCVNI2,海滨八大关景区武胜关支路站,东海西路24号海滨风景区内(东侧),0,风景名胜,3.8,青岛市,120.358115,36.063026,,,90,532
B0FFK5UAK6,八大关-近代建筑,正阳关路19号,0,风景名胜,4.5,青岛市,120.351248,36.053424,,,120,532
B001B0II75,武汉防汛纪念碑,沿江大道江滩72号,0,风景名胜,4.6,武汉市,114.305508,30.591536,00:00,23:59,30,27
B0353002DC,贵阳百花湖风景名胜区,金朱西路路头,80,风景名胜,4.6,贵阳市,106.501581,26.658332,08:00,16:00,180,851
B0L2B7LX0V,百花湖,金朱西路与云潭北路交叉口西320米,0,风景名胜,,贵阳市,106.604479,26.653402,,,180,851
B0FFH1WTE6,百花湖森林公园,化高路附近,0,风景名胜,4.0,贵阳市,106.546457,26.648529,00:00,23:59,180,851
B001C7WE5S,成都大熊猫繁育研究基地,熊猫大道1375号,58,风景名胜,4.6,成都市,104.138176,30.740573,07:30,18:00,180,28
B0FFFGYGBA,成都大熊猫繁育研究基地小熊猫1号活动场,外北熊猫大道1375号成都大熊猫繁育研究基地(东南角),55,风景名胜,4.5,成都市,104.142042,30.736048,,,90,28
B0GRXXAXW9,熊猫广场,熊猫大道1375号成都大熊猫繁育研究基地,0,风景名胜,4.2,成都市,104.147363,30.730833,,,30,28
B0FFFGY8IF,成都大熊猫繁育研究基地大熊猫太阳产房,外北熊猫大道1375号成都大熊猫繁育研究基地(东南角),58,风景名胜,4.3,成都市,104.143395,30.737633,07:30,18:00,90,28
B0JK27VD8I,成都大熊猫繁育研究基地山月馆,熊猫大道1375号成都大熊猫繁育研究基地(西北角),55,风景名胜,4.3,成都市,104.12956,30.744901,,,45,28
B0FFFGYHS0,成都大熊猫繁育研究基地大熊猫1号别墅,三河街道外北熊猫大道1375号成都大熊猫繁育研究基地内(南侧),58,风景名胜,4.4,成都市,104.138691,30.737422,,,90,28
B001C04CFE,青羊宫,一环路西二段9-附2号,40,风景名胜,4.8,成都市,104.042609,30.661542,08:00,18:00,90,28
B0FFG1ZC9E,青羊宫-混元殿,一环路西二段9号青羊宫内(西南角),20,风景名胜,3.7,成都市,104.041472,30.660578,,,45,28
B0FFG2DYYY,青羊宫-三清殿,一环路西二段9号青羊宫内(西南角),20,风景名胜,4.4,成都市,104.042144,30.661311,,,60,28
B0FFG1PNTR,文化公园-青羊宫-文昌殿,一环路西二段9号青羊宫内(东南角),20,风景名胜,4.1,成都市,104.043071,30.661008,,,90,28
B0FFFD3P2C,锦里古街,武侯祠大街231号附1号,80,风景名胜,4.7,成都市,104.049828,30.645994,00:00,23:59,120,28
B0G0A7WA2Q,花乡锦里,柳荫路,0,风景名胜,3.9,成都市,104.155996,30.585712,00:00,23:59,90,28
B001C93BDX,锦里大院,武侯祠大街231号附1号锦里休闲2期1号院(近武侯祠),80,风景名胜,3.8,成都市,104.048762,30.648255,,,90,28
B0JUBMFWLO,武侯祠锦里中心,武侯祠大街27号,80,风景名胜,4.3,成都市,104.049795,30.644789,,,120,28
B0FFI81IKK,倒盏民俗村,玄奘路与孝文大道交叉口西南角200米,80,风景名胜,4.3,洛阳市,112.552594,34.570075,09:00,18:00,180,379
B0GU1LZ5UM,倒盏民俗村梦幻小镇,倒盏民俗村内(北侧),80,风景名胜,3.9,洛阳市,112.551899,34.574396,09:00,18:00,90,379
B0FFLF8MRD,倒盏村-观景台,倒盏民俗村内(北侧),0,观景点,4.0,洛阳市,112.552457,34.573633,,,30,379
B001C7WPBD,文殊院,文殊院街66号(文殊院地铁站K口步行400米),0,风景名胜,4.9,成都市,104.072527,30.675418,08:00,17:00,90,28
B0FFG1U9N8,文殊院-照壁,文殊院街66号文殊院内(文殊院地铁站K口步行390米),0,风景名胜,4.1,成都市,104.071845,30.67459,,,30,28
B0FFFACAGW,文殊院-心园,文殊院街66号文殊院内(文殊院地铁站K口步行400米),30,风景名胜,3.7,成都市,104.071745,30.674895,,,60,28
B0FFHG26M2,文殊院-禅堂,文殊院街66号文殊院内(文殊院地铁站K口步行450米),0,风景名胜,,成都市,104.072302,30.675406,,,60,28
B0FFHNHU4L,文殊坊文殊院历史文化保护区,草市街街道白云寺街文殊坊(东侧),50,风景名胜,4.0,成都市,104.074178,30.672857,,,90,28
B0FFFFKGC2,文殊院-念佛堂,文殊院街66号文殊院内(文殊院地铁站K口步行490米),0,风景名胜,,成都市,104.07256,30.675106,,,60,28
B0FFGY2VEH,文殊院-鼓楼,文殊院街66号文殊院内(文殊院地铁站K口步行420米),0,风景名胜,3.3,成都市,104.071953,30.674957,,,45,28
B025003QZU,南普陀寺,思明南路515号,0,风景名胜,4.9,厦门市,118.096582,24.440987,08:00,18:00,90,592
B0FFG236ZK,南普陀寺-佛塔,思明南路515号(近厦门大学)南普陀寺内,0,风景名胜,4.7,厦门市,118.096906,24.440921,,,30,592
B02500TPTD,南普陀寺-大雄宝殿,思明南路515号南普陀寺,0,风景名胜,4.7,厦门市,118.096969,24.441057,04:30,18:30,45,592
B0FFHNIZGR,南普陀寺-祖堂,思明南路515号(近厦门大学)南普陀寺内,0,风景名胜,2.6,厦门市,118.096754,24.441017,,,30,592
B0FFG22Y1B,南普陀寺-禅堂,思明南路515号(近厦门大学)南普陀寺内(北侧),0,风景名胜,,厦门市,118.096566,24.442269,,,30,592
B02500TPU0,南普陀寺-荷花池,思明南路515号(近厦门大学)南普陀寺内(南侧),0,风景名胜,4.1,厦门市,118.096416,24.439996,,,30,592
B0FFG2VNVH,南普陀寺-功德楼,思明南路515号南普陀寺(西北角),0,风景名胜,4.1,厦门市,118.095552,24.442067,,,30,592
B02500SJKW,南普陀寺-万寿塔,思明南路515号(近厦门大学)南普陀寺内(南侧),0,风景名胜,4.1,厦门市,118.096823,24.440285,,,30,592
B0LG31BU2Q,南普陀寺-赠香处,思明南路515号南普陀寺,0,风景名胜,3.5,厦门市,118.096533,24.440949,,,30,592
B02500UAQ0,鳌园,集美学村东南角海滨嘉庚公园内(东南角),0,风景名胜,4.6,厦门市,118.107443,24.565019,08:00,17:30,90,592
B0FFJAXMBV,集美鳌园景区,集美街道鳌园路24号,0,风景名胜,4.8,厦门市,118.106375,24.568005,,,90,592
B0HAKGI2YO,集美鳌园景区-文化长廊,鳌园路8号(近集美学村东南角海滨)嘉庚公园内(西南角),0,风景名胜,3.6,厦门市,118.106855,24.567929,,,45,592
B0HGF56JS5,集美鳌园景区-休息亭,鳌园路24号(近集美学村东南角海滨)嘉庚公园内(东北角),0,风景名胜,4.0,厦门市,118.109646,24.571439,,,30,592
B0HA6RBRJQ,集美鳌园景区-佛肚竹,鳌园路24号集美鳌园景区内(东北角),0,风景名胜,3.7,厦门市,118.110281,24.57173,,,30,592
B0FFG2I7Q3,鳌园春晖,嘉庚路24号集美鳌园景区鳌园内,0,风景名胜,3.8,厦门市,118.106549,24.56591,,,45,592
B025003OPX,厦门园林植物园,虎园路25号,40,风景名胜,4.8,厦门市,118.109545,24.44813,,,180,592
B0FFHWRJAI,厦门园林植物园-多肉植物区,虎园路25号厦门园林植物园内(西侧),40,风景名胜,4.7,厦门市,118.100869,24.448799,08:30,18:00,90,592
B02500THQ3,雨林世界,虎园路25号厦门园林植物园内(西侧),40,风景名胜,4.7,厦门市,118.097876,24.449714,09:00,11:00,90,592
B02500TPXE,厦门园林植物园花卉园,虎园路25号厦门园林植物园内(北侧),40,风景名胜,4.6,厦门市,118.109989,24.453197,00:00,23:59,90,592
B02500T9J8,厦门市园林植物园百花厅,虎园路25号厦门园林植物园内(西侧),50,风景名胜,4.4,厦门市,118.096477,24.451735,00:00,23:59,90,592
B025003J6D,厦门大学思明校区植物园,滨海街道思明南路422号厦门大学,0,风景名胜,4.4,厦门市,118.106227,24.436787,06:30,18:00,90,592
B02500T9HU,厦门园林植物园-蔷薇园,虎园路25号厦门园林植物园(西北角),50,风景名胜,4.3,厦门市,118.098009,24.453129,,,60,592
B0G2ZNEKSD,南洋杉疏林草坪,虎园路25号厦门园林植物园内(西侧),0,风景名胜,4.3,厦门市,118.095207,24.45313,,,45,592
B0FFL4QXR4,厦门植物园西山园,植物园山顶,40,风景名胜,4.3,厦门市,118.108181,24.448269,05:05,20:55,90,592
B03830NTNI,大东海旅游区,榆亚大道(明月广场西南400米至大东海广场2.9公里海岸线),120,风景名胜,4.8,三亚市,109.522302,18.220819,00:00,23:59,180,899
B0383004F5,大东海广场,东海路与榆亚路交汇处东南150米,0,风景名胜,4.8,三亚市,109.525524,18.221866,,,60,899
B0JRJ69LCB,大东海海水浴场,河东区街道榆海路与榆亚路交叉口南320米,80,风景名胜,4.6,三亚市,109.526256,18.220647,09:30,17:30,180,899
B03830MO5M,鹿回头广场,河东区街道鹿回头滨河公园,0,风景名胜,4.3,三亚市,109.517066,18.230393,00:00,23:59,60,899
B0FFGA4V1M,鹿回头雕像,鹿回头公园内,45,风景名胜,4.6,三亚市,109.502591,18.225451,,,60,899
B03530Q0QT,东山公园,黔灵东路街道东山路16号,0,风景名胜,4.8,贵阳市,106.726635,26.582502,07:00,21:30,90,851
B0353033AF,东山广场,东山路24号东山公园旁(阳明祠地铁站B口步行460米),0,风景名胜,4.0,贵阳市,106.726617,26.582506,00:00,23:59,60,851
B0FFL949O6,马头山公园,东山路与红军路交叉口东北220米,0,风景名胜,3.1,贵阳市,106.982261,27.054349,00:00,23:59,60,851
B0FFHP2HYP,贵州乡愁,云站路,80,风景名胜,4.2,贵阳市,106.409223,26.580059,09:00,17:00,180,851
B020001B0C,狮子林,园林路23号,70,风景名胜,4.8,苏州市,120.629095,31.321068,,,90,512
B02001AKOJ,狮子林-门厅,园林路23号狮子林内(东侧),40,风景名胜,4.5,苏州市,120.629569,31.320948,,,90,512
B0LAVC5TWK,狮子林(入口),园林路与坝上巷交叉口南20米,40,风景名胜,,苏州市,120.629707,31.320849,,,90,512
B02001AKEL,狮子林-石舫,平江街道园林路23号狮子林内(西北角),40,风景名胜,3.8,苏州市,120.628619,31.321375,,,45,512
B02001AKIG,狮子林-古五松园,园林路23号狮子林内(西北角),40,风景名胜,4.0,苏州市,120.62873,31.32154,,,60,512
B02001AK5Q,狮子林-九狮峰,园林路23号狮子林里小方厅北亭院内,40,风景名胜,3.9,苏州市,120.629311,31.321338,,,30,512
B02000IUPA,网师园,带城桥路阔家头巷11号,40,风景名胜,4.8,苏州市,120.63377,31.298075,,,90,512
B0KGR5KD4Q,网师园-梯云室,带城桥路阔家头巷11号网师园(东北角),40,风景名胜,3.7,苏州市,120.634217,31.298463,07:30,17:00,90,512
B0FFF35T15,网师园-殿春簃,银杏桥北阔家头巷11号网师园内(西北角),40,风景名胜,3.9,苏州市,120.633693,31.298323,,,60,512
B0FFF367TI,网师园-蹈和馆,带城桥路阔家头巷11号网师园内(南侧),40,风景名胜,3.7,苏州市,120.633713,31.297901,,,60,512
B0FFF35T13,网师园-小山丛桂轩,带城桥路阔家头巷11号网师园,40,风景名胜,3.4,苏州市,120.63397,31.298005,,,60,512
B0FFF35Y5C,网师园-撷秀楼,凤凰街网师园撷秀楼,40,风景名胜,3.3,苏州市,120.634229,31.298033,,,45,512
B0FFF35THD,网师园-五峰书屋,带城桥路阔家头巷11号网师园(东北角),40,风景名胜,3.4,苏州市,120.634134,31.298323,,,60,512
B0FFHMH4J8,杭州西湖风景名胜区九溪烟树,龙井村杭州西湖风景名胜区内(近九溪路),0,风景名胜,4.8,杭州市,120.11335,30.202395,00:00,23:59,90,571
B0LR1ZRRQE,九溪十八涧,杭州西湖风景名胜区九溪烟树南侧,0,风景名胜,4.7,杭州市,120.113356,30.202349,,,90,571
B0GU26C2JE,瀑布,龙井村南九溪十八涧尽头(近九溪路)九溪烟树内,0,风景名胜,4.3,杭州市,120.11384,30.202663,,,45,571
B023B1D0DU,杭州西湖风景名胜区-八觉亭,九溪烟树近石佛坞,0,风景名胜,3.8,杭州市,120.114123,30.202713,00:00,23:59,30,571
B023B091IH,思澄堂,解放路132号(近中山中路),0,风景名胜,4.5,杭州市,120.172971,30.251002,08:30,11:30,45,571
B000A8UIN8,故宫博物院,景山前街4号,80,风景名胜,4.9,北京市,116.397029,39.917839,08:30,17:00,240,10
B000A84GDN,故宫博物院-午门,东华门街道景山前街4号故宫博物院内(南侧),60,风景名胜,3.8,北京市,116.397228,39.913582,08:30,17:00,30,10
B000A9PIDQ,故宫博物院-景阳宫,景山前街4号故宫博物院内(东北角),60,风景名胜,4.1,北京市,116.398628,39.921268,,,30,10
B000AA20TU,故宫博物院-典籍馆,景山前街4号故宫博物院内(西南角),0,风景名胜,,北京市,116.394623,39.915022,,,45,10
B000A9PIPO,故宫博物院-景仁宫,景山前街4号故宫博物院,60,风景名胜,4.2,北京市,116.398,39.920315,08:30,17:00,45,10
B000A9LFO0,故宫-钟表馆,景山前街4号故宫博物院,60,风景名胜,4.3,北京市,116.398675,39.919367,,,45,10
B000A9PJ6A,故宫博物院-永和宫,景山前街4号故宫内,60,风景名胜,,北京市,116.398643,39.920803,00:00,23:59,30,10
B000A9PIYM,故宫博物院-咸福宫,景山前街4号故宫博物院内(西北角),0,风景名胜,3.9,北京市,116.395214,39.921142,,,15,10
B000A9PIZY,故宫博物院-储秀宫,景山前街4号故宫博物院内(北侧),60,风景名胜,4.2,北京市,116.395782,39.921192,,,30,10
B000A7O1CU,颐和园,新建宫门路19号,50,风景名胜,4.9,北京市,116.275179,39.999617,,,180,10
B000A96EN1,德和园,青龙桥街道新建宫门路19号颐和园内(东侧),10,风景名胜,4.7,北京市,116.279751,39.998627,08:00,17:30,45,10
B000A9LFT7,颐和园-赅春园遗址,新建宫门路19号颐和园内(西侧),0,风景名胜,3.7,北京市,116.272493,40.000427,,,30,10
B000A9PIJY,颐和园-云会寺,新建宫门路19号颐和园,0,风景名胜,3.8,北京市,116.273232,39.999794,,,30,10
B000A9PJ79,颐和园-智慧海,新建宫门路19号颐和园,50,风景名胜,4.4,北京市,116.273933,39.999631,06:30,20:00,45,10
B0FFG18CH0,颐和园生物保护区(团城湖区域),新建宫门路19号颐和园内(西侧),0,风景名胜,3.6,北京市,116.263678,39.994917,,,60,10
B0FFG3X50D,海滨生态公园-海边观光,滨海大道海滨生态公园内,0,风景名胜,4.7,深圳市,114.002459,22.522031,08:30,22:30,90,755
B001B0IZ9W,归元禅寺,归元寺路20号,50,风景名胜,4.9,武汉市,114.259018,30.545268,08:00,17:00,90,27
B0FFI2F01R,归元禅寺-归元古刹,归元寺路20号归元禅寺内(东侧),50,风景名胜,,武汉市,114.260328,30.54563,,,90,27
B0FFFFGWS9,归元禅寺-露天铜观音,归元寺路20号归元禅寺内(东北角),0,风景名胜,,武汉市,114.26043,30.546002,,,30,27
B0FFFCOFFL,归元禅寺-鼓楼(归元寺路),归元寺路20号归元禅寺内(东侧),50,风景名胜,4.1,武汉市,114.260401,30.545343,,,90,27
B001B1ASJ8,归元禅寺-双面观音(装修中),归元寺路20号归元禅寺,0,风景名胜,,武汉市,114.25879,30.544826,,,45,27
B001B1BXX0,归元禅寺-罗汉堂,归元寺路20号归元禅寺内(东侧),20,风景名胜,,武汉市,114.260277,30.545159,,,60,27
B023B1BGM6,拱宸桥,桥弄街1号,0,风景名胜,4.8,杭州市,120.139844,30.318101,00:00,23:59,60,571
B0FFFFZRBD,拱宸桥西历史文化街区,桥西直街1号(拱宸桥西),0,风景名胜,4.8,杭州市,120.137752,30.316781,00:00,23:59,90,571
B0LR75IJV4,拱宸桥游船码头,桥西直街44号,80,风景名胜,,杭州市,120.138671,30.316363,,,60,571
B0FFFDCCJ2,华家池,凯旋路268号,0,风景名胜,4.5,杭州市,120.19439,30.271204,00:00,23:59,60,571
B0FFF35L51,浙江大学华家池校区和平岛,凯旋路268号浙江大学(华家池校区),0,风景名胜,3.3,杭州市,120.195481,30.271269,,,60,571
B038300GWH,崖州故城,崖城村崖保路(G225),40,风景名胜,4.5,三亚市,109.166017,18.370693,09:00,17:00,90,899
B0FFH6SJJR,古崖州城-文明门,崖城村崖保路(G225)崖州故城内(南侧),0,风景名胜,4.1,三亚市,109.166163,18.370229,09:00,21:00,45,899
B02F37U4VE,深圳华侨城旅游度假区,杜鹃山(华侨城地铁站A口步行390米),350,风景名胜,4.8,深圳市,113.988596,22.531366,08:00,20:00,480,755
B02F37VMTF,东部华侨城,梅沙街道东海岸社区三洲田,300,风景名胜,4.4,深圳市,114.287666,22.626673,,,360,755
B0FFF2M634,地王观光·深港之窗,深南东路5002信兴广场69层,80,风景名胜,4.4,深圳市,114.110562,22.542693,10:30,20:30,90,755
B022B006R7,雨山湖公园,湖东路街道湖东路街道湖北路29号,0,风景名胜,4.8,马鞍山市,118.504378,31.691221,06:00,22:00,90,555
B0FFJ362FN,雨山湖公园-樱花园,湖北西路27号雨山湖公园(东北角),0,风景名胜,3.5,马鞍山市,118.5054,31.693537,,,60,555
B022B0MJ1H,“马小白”口袋公园·滨湖游园,解放路与湖北西路辅路交叉口西南100米,0,风景名胜,3.5,马鞍山市,118.50565,31.696899,00:00,23:59,45,555
B0FFIZHQLO,雨山湖公园-桃花岛,湖东路街道湖东路街道湖北路29号雨山湖公园内(东侧),0,风景名胜,3.5,马鞍山市,118.50799,31.692545,,,60,555
B0FFJ470VX,雨山湖公园-湖畔驿站,湖东路街道湖北路29号雨山湖公园,0,风景名胜,3.5,马鞍山市,118.501313,31.688882,,,60,555
B0FFJHOK6E,雨山湖公园百燕亭,湖东路街道湖东路街道湖北路29号雨山湖公园,0,风景名胜,3.3,马鞍山市,118.507935,31.68597,,,45,555
B0FFIZDG0E,雨山湖公园亲水平台,湖东路街道湖北路29号雨山湖公园内(南侧),0,风景名胜,3.1,马鞍山市,118.504654,31.687553,,,60,555
B0FFI2KSBX,濮塘国家度假公园,濮塘老街与白母园路交叉口东100米,40,风景名胜,4.5,马鞍山市,118.654619,31.696797,08:30,17:00,180,555
B0IK55UCVO,阳湖公园,阳湖大桥西北方向,0,风景名胜,4.3,马鞍山市,118.522514,31.645857,,,90,555
B0FFLFXL6Z,滨江公园,采石镇唐贤街1号采石矶内(北侧),0,风景名胜,4.8,马鞍山市,118.452139,31.669678,00:00,23:59,90,555
B035300A2B,天河潭旅游度假区,石板镇,120,风景名胜,4.5,贵阳市,106.580558,26.440169,08:30,18:00,180,851
B0FFGDA8LS,天河潭风景区-水洞,石板镇C390天上人间,85,风景名胜,3.9,贵阳市,106.57378,26.437963,,,60,851
B0FFJCIJXF,天河潭旅游度假区-音乐喷泉,石板镇天河潭风景区,80,风景名胜,4.0,贵阳市,106.583752,26.442407,,,90,851
B03530PZXN,天河潭风景区-梦草园,石板镇附近天河潭风景区,80,风景名胜,3.9,贵阳市,106.577351,26.440298,,,90,851
B0FFK89REK,天河潭奇妙乐园,贵安大道s001号,120,风景名胜,4.3,贵阳市,106.584638,26.443679,09:30,18:00,180,851
B017B0PT2Z,白马寺-狄仁杰墓,白马寺内(东南角),50,风景名胜,4.7,洛阳市,112.607976,34.720526,07:40,18:00,45,379
B0FFG2FDGX,白马寺-山门,洛白路北150米,50,风景名胜,4.4,洛阳市,112.605651,34.721512,,,90,379
B035300443,红枫湖,湖滨路旁,80,风景名胜,4.5,贵阳市,106.39696,26.489889,07:00,20:00,180,851
B0LG3D6OGJ,红枫湖S湾,清镇小三亚北侧,0,风景名胜,4.2,贵阳市,106.413331,26.552435,09:00,21:00,90,851
B0FFG0GPZH,红枫湖-湿地公园,海关路,0,风景名胜,4.1,贵阳市,106.373745,26.498377,00:00,23:59,90,851
B035300447,红枫湖-苗寨,红枫湖镇红枫湖风景区内,80,风景名胜,4.2,贵阳市,106.421962,26.526558,,,90,851
B0FFG2IR62,红枫湖风景区-游船码头,湖滨路旁红枫湖景区内,80,风景名胜,,贵阳市,106.418242,26.5261,,,90,851
B0FFLQGF28,三亚千古情景区-入口广场,迎宾路333号三亚千古情景区内,0,风景名胜,3.8,三亚市,109.530936,18.291108,00:00,23:59,30,899
B0FFM3N54V,千古情广场,迎宾路333号三亚千古情景区内(西北角),0,风景名胜,3.3,三亚市,109.530504,18.29121,00:00,23:59,45,899
B0FFM22JRV,三亚千古情景区-戏水区,迎宾路333号三亚千古情景区内(东北角),80,风景名胜,3.5,三亚市,109.531289,18.291857,,,60,899
B0FFM7Y0E1,三亚千古情景区-文化造像,迎宾路333号三亚千古情景区内,0,风景名胜,3.2,三亚市,109.531281,18.291143,,,30,899
B0FFKVD93L,三亚千古情-演出,迎宾路与落笔洞路交叉口西240米,280,风景名胜,4.4,三亚市,109.531148,18.290973,12:00,21:30,120,899
B000A146AD,白云观,白云观街7号,30,风景名胜,4.9,北京市,116.343778,39.901266,,,90,10
B000A9PIHM,白云观-罗公塔,白云观街7号白云观内(东侧),0,风景名胜,3.5,北京市,116.344553,39.901474,,,30,10
B000A9LFXP,白云观-三官殿,白云路62号,50,风景名胜,4.0,北京市,116.343952,39.900592,,,60,10
B000A9LFH9,白云观-戒台,白云路4号,50,风景名胜,3.2,北京市,116.343628,39.90175,08:00,17:30,90,10
B000A9LFU8,白云观-雷祖殿,白云路4号,20,风景名胜,3.7,北京市,116.344064,39.901747,,,60,10
B000A83C1S,天安门广场,东长安街,0,风景名胜,4.9,北京市,116.397755,39.903182,05:00,22:00,90,10
B0FFFRLTUT,天安门广场-国旗,东华门街道景山前街4号天安门广场内(北侧),0,风景名胜,4.7,北京市,116.397554,39.906928,00:00,23:59,45,10
B000A60DA1,天安门,长安街北侧,0,风景名胜,,北京市,116.397463,39.909187,05:00,20:15,90,10
B0FFF5HT8J,天安门广场中国公路零公里点,东长安街(前门地铁站A东北口步行80米),0,风景名胜,4.3,北京市,116.39786,39.900393,,,45,10
B000A7I99C,毛主席纪念堂,前门东大街11号(天安门广场人民英雄纪念碑南面),0,风景名胜,3.8,北京市,116.397815,39.902517,08:00,12:00,60,10
B0FFHCBPVF,锦里古街-戏台,武侯祠大街231号附1号锦里古街内(北侧),50,风景名胜,4.3,成都市,104.049913,30.646342,,,30,28
B001C8NUD2,东郊记忆,跳蹬河街道建设南支路1号,0,风景名胜,4.8,成都市,104.122906,30.668697,00:00,23:59,120,28
B0FFIPNWW6,东郊记忆-·天桥,跳蹬河街道建设南支路1号东郊记忆(西北角),0,风景名胜,4.1,成都市,104.121956,30.669359,,,30,28
B000A81CB2,天坛公园,天坛东里甲1号,35,风景名胜,4.9,北京市,116.410829,39.881913,,,180,10
B000A9LFPN,天坛公园-问天柏,天坛路甲1号天坛公园内(东南角),15,风景名胜,3.6,北京市,116.412481,39.878053,,,30,10
B000A7VQ13,天坛公园-斋宫,天坛东路甲1号天坛公园内(西南角),15,风景名胜,4.8,北京市,116.406686,39.879763,,,45,10
B000A831VS,天坛公园-回音壁,天坛街道天坛路甲1号天坛公园内(东南角),15,风景名胜,4.7,北京市,116.413074,39.878072,,,45,10
B000A9LF4D,天坛公园-北天门,天坛路甲1号天坛公园景区内,15,风景名胜,4.6,北京市,116.41274,39.885763,,,45,10
B0FFFAH7I9,南锣鼓巷,交道口街道南大街(南锣鼓巷地铁站E西北口旁),80,风景名胜,4.8,北京市,116.402394,39.937182,00:00,23:59,120,10
B0FFIGL1NH,南锣鼓巷牌坊,南锣鼓巷内(南锣鼓巷地铁站E西北口旁),80,风景名胜,4.5,北京市,116.403166,39.933647,,,90,10
B00190BU4S,老门东,夫子庙街道剪子巷54号,80,风景名胜,4.8,南京市,118.787631,32.011682,00:00,23:59,120,25
B0FFFF28YI,老门东牌坊,箍桶巷与剪子巷交汇处,50,风景名胜,4.8,南京市,118.787898,32.012777,,,90,25
B0FFGVEV12,老门东-伍板桥,夫子庙街道夫子庙街道剪子巷54号老门东,80,风景名胜,4.1,南京市,118.787302,32.011742,,,90,25
B0FFFFKFYD,老门东-喷泉,箍桶巷与剪子巷交汇处老门东内,0,风景名胜,3.6,南京市,118.787681,32.011577,,,30,25
B0250043TN,菽庄花园,晃岩路35-6号鼓浪屿风景名胜区(东南角),30,风景名胜,4.7,厦门市,118.06952,24.439035,,,90,592
B0FFG1QDEU,菽庄花园-游艇码头,菽庄花园,120,风景名胜,,厦门市,118.068443,24.439451,,,60,592
B0FFM80ZHF,菽庄花园-凉亭,港后路7号菽庄花园内(北侧),0,风景名胜,4.1,厦门市,118.069344,24.439714,,,30,592
B02500SJK7,厦门市鼓浪屿风景名胜区-枕流石,菽庄花园内(西侧),0,风景名胜,3.7,厦门市,118.069304,24.438964,,,15,592
B02500SK3T,厦门市鼓浪屿风景名胜区-十二洞天,港后路7号菽庄花园内(北侧),50,风景名胜,4.1,厦门市,118.069545,24.439701,06:00,20:30,45,592
B025004RIJ,天竺山森林公园,东孚镇洪塘村天竺山路1号,50,风景名胜,4.7,厦门市,117.917177,24.59997,,,180,592
B0FFFEDOCI,天竺山森林公园-天竺湖旅游景区,东孚镇红塘村天竺山路1号天竺山森林公园内(东侧),0,风景名胜,4.2,厦门市,117.949926,24.591712,,,180,592
B0FFHVO4WS,天竺山森林公园-玉兰幽谷景区,东孚镇红塘村天竺山路1号天竺山森林公园内(东南角),0,风景名胜,4.0,厦门市,117.934885,24.582125,,,90,592
B0FFGKI4EL,天竺山森林公园天柱峰,天竺山地铁站1号口步行140米,0,风景名胜,4.2,厦门市,117.937455,24.580745,,,180,592
B0FFHVPFV9,天竺山森林公园-百竹园景区,东孚镇红塘村天竺山路1号天竺山森林公园内(东侧),40,风景名胜,4.0,厦门市,117.946135,24.590549,08:30,17:00,90,592
B0FFG8YKBG,天竺山森林公园-大曦山郊野公园,东孚镇大曦山海沧天竺山脚下,0,风景名胜,3.6,厦门市,117.925923,24.589684,,,180,592
B0FFHYIY9Y,天竺山森林公园-叠翠,东孚镇红塘村天竺山路1号天竺山森林公园内(东侧),0,风景名胜,3.7,厦门市,117.947548,24.591624,,,90,592
B0FFKC768W,重庆长江索道北站,新华路151号(小什字地铁站5B口旁)上新街4号重庆长江索道,20,风景名胜,4.7,重庆市,106.582889,29.557845,08:00,22:00,45,23
B0IA36ACTW,重庆长江索道南站,上新街4号,20,风景名胜,4.7,重庆市,106.593998,29.552516,08:00,21:00,45,23
B00170L7NV,红岩革命纪念馆,富华路31号,0,风景名胜,5.0,重庆市,106.497421,29.551553,09:00,17:00,90,23
B00170CN0R,红岩革命纪念馆-红岩广场,化龙桥街道红岩村52号红岩革命纪念馆(东北角),0,风景名胜,4.2,重庆市,106.499614,29.554118,00:00,23:59,60,23
B0KUB7MH4M,千秋红岩中共中央南方局历史阵列,富华路31号红岩革命纪念馆(东北角),0,风景名胜,3.5,重庆市,106.498535,29.553666,,,90,23
B0KUBRS8JQ,红梅园,富华路31号红岩革命纪念馆内(北侧),0,风景名胜,3.6,重庆市,106.497298,29.552455,,,45,23
B020005FAO,唐寅园,解放西路146号,40,风景名胜,4.6,苏州市,120.59219,31.277372,08:30,16:30,90,512
B0FFHOS7E9,唐寅祠-准提庵(建设中),金阊街道桃花坞唐寅祠(桃花坞创意园西),0,风景名胜,,苏州市,120.612553,31.320913,,,45,512
B000A80WAY,翰林院遗址,东长安街路南公安部内,0,风景名胜,4.6,北京市,116.406144,39.905487,00:00,23:59,45,10
B001C8MXRO,成都动物园,昭觉寺南路234号(动物园地铁站A口步行460米),50,风景名胜,4.8,成都市,104.106009,30.710131,,,180,28
B0FFHQ40GC,成都动物园熊猫馆,昭觉寺南路234号成都动物园内(西北角),30,风景名胜,4.8,成都市,104.105349,30.710791,00:00,23:59,60,28
B0FFHLRA0K,成都动物园-将军碑遗址,成都动物园西北门(动物园地铁站A口步行130米),0,风景名胜,3.9,成都市,104.102822,30.711998,00:00,23:59,30,28
B001C90OSZ,成都动物园-百鸟苑,昭觉寺南路234号成都动物园内(西侧),25,风景名胜,4.1,成都市,104.103947,30.709551,09:00,17:00,45,28
B0FFL1IU6M,成都动物园-火烈鸟,昭觉寺南路234号成都动物园内(西南角),30,风景名胜,4.0,成都市,104.103489,30.708908,,,30,28
B0FFG2BVTT,成都动物园-水禽湖,昭觉寺南路234号成都动物园内(西南角),25,风景名胜,4.2,成都市,104.103986,30.708749,,,30,28
B0FFHQ3ZG9,成都动物园-熊山,昭觉寺南路234号成都动物园内(东侧),30,风景名胜,4.1,成都市,104.107087,30.710524,00:00,23:59,45,28
B001C00869,大慈寺,大慈寺路21-23号(春熙路地铁站C口步行360米),30,风景名胜,4.8,成都市,104.083791,30.654243,06:30,17:30,90,28
B0GR6BX5Y1,大慈寺-地藏殿,东糠市街与南糠市街交叉口东北180米,0,风景名胜,3.7,成都市,104.083606,30.653571,,,45,28
B0FFGB3SC0,大慈寺-藏经殿,大慈寺路21-23号大慈寺(东北角),0,风景名胜,4.0,成都市,104.084122,30.654921,,,45,28
B0HBRX7MOL,大慈寺-庙内茶园,蜀都大道大慈寺路与北纱帽街交叉口东南60米,40,风景名胜,,成都市,104.083839,30.655147,,,90,28
B0FFK80NVA,大慈寺-祖师堂,蜀都大道大慈寺路与北纱帽街交叉口东南140米,0,风景名胜,3.4,成都市,104.084099,30.654559,,,45,28
B035302OOS,贵御温泉,新添寨温泉路479号,180,风景名胜,4.3,贵阳市,106.770685,26.615689,06:00,22:00,240,851
B0FFJ3WR9L,贵御温泉旅游区,新添寨温泉路555号贵御温泉内(东侧),180,风景名胜,3.3,贵阳市,106.771246,26.61555,,,180,851
B035300LX1,天鹅湖景区,彩云街,0,风景名胜,3.7,贵阳市,106.675907,26.671322,00:00,23:59,90,851
B0FFK7NW68,小湾河湿地公园,合肥路与龙锦路交叉口西南60米,0,风景名胜,4.4,贵阳市,106.640649,26.599874,00:00,23:59,90,851
B0IAZSQ4NZ,小湾河1号广场,长岭南路,0,风景名胜,4.0,贵阳市,106.644412,26.628331,,,45,851
B001C04D86,棠湖公园,棠湖西路一段2号,0,风景名胜,4.7,成都市,103.918481,30.570315,06:30,21:30,90,28
B0FFG77T3L,棠湖公园-薰风桥,棠中路二段116号,0,风景名胜,3.5,成都市,103.91785,30.568625,,,45,28
B0FFL7ZWRS,棠湖公园-蒋琬祠,棠中路二段,0,风景名胜,3.7,成都市,103.917227,30.569521,,,45,28
B0FFH41046,棠湖公园-瞿上堂,棠湖西路1段2号,0,风景名胜,3.2,成都市,103.917398,30.570578,,,60,28
B0FFL349PW,棠湖公园-演艺广场,棠中路二段与棠湖南路一段交叉口西北160米,0,风景名胜,3.3,成都市,103.918094,30.569074,00:00,23:59,45,28
B0FFH2LC6W,棠湖公园-群众运动广场,棠湖西路一段2号棠湖公园(西南角),0,风景名胜,3.5,成都市,103.916854,30.568892,00:00,23:59,60,28
B000A840SB,中山公园,中华路4号(天安门西侧),10,风景名胜,4.9,北京市,116.394407,39.910707,06:00,21:00,90,10
B0FFF4UFAH,白马涧龙池风景区,苏州市新区华山路往西白马涧生态园,80,风景名胜,4.5,苏州市,120.494368,31.294789,09:00,16:30,180,512
B0FFJ0H5UZ,饮马池,白马涧龙池风景区,40,风景名胜,3.4,苏州市,120.494505,31.293108,,,45,512
B0G0PCGBFN,龙池大坝,白马涧龙池风景区内(南侧),0,风景名胜,3.4,苏州市,120.493388,31.29124,,,45,512
B0FFJ0COF4,龙柏林,白马涧龙池风景区内(西侧),40,风景名胜,2.9,苏州市,120.492239,31.295202,,,60,512
B0FFIOZ1V8,御道,白马涧龙池风景区,50,风景名胜,3.3,苏州市,120.495236,31.293345,,,90,512
B020001C0E,寒山寺,寒山寺弄24号,50,风景名胜,4.8,苏州市,120.568391,31.310469,07:30,18:00,90,512
B0L1FRZFNG,寒山寺-东广场,寒山寺弄24号寒山寺,0,风景名胜,,苏州市,120.570013,31.310476,,,30,512
B02001AKNX,苏州市寒山寺-枫桥夜泊,枫桥寒山寺枫桥大街4号(寒山寺慈善中心西5米),50,风景名胜,4.6,苏州市,120.56673,31.310975,09:00,19:00,90,512
B0FFHP6HN7,苏州市枫桥风景名胜区-寒山寺钟楼,金阊街道枫桥大街28-18号寒山钟苑内苏州市枫桥风景名胜区(东南角),40,风景名胜,4.3,苏州市,120.569324,31.308586,,,60,512
B0FFFENA9X,苏州市寒山寺碑廊,枫桥路寒山寺弄24号,25,风景名胜,3.9,苏州市,120.568294,31.310189,,,45,512
B0FFKZLFB4,两江国际影视城-抗战胜利纪功碑,龙兴镇金御大道268号两江国际影视城内(北侧),50,风景名胜,3.7,重庆市,106.822982,29.68627,,,60,23
B00141QXU2,珠江夜游(天字码头),沿江中路200号省总工会对面(解放桥西侧100米处),120,风景名胜,4.5,广州市,113.271155,23.114704,18:00,22:30,90,20
B00141QX9Z,珠江夜游(广州塔.中大码头),滨江东路163号,120,风景名胜,4.6,广州市,113.299472,23.103654,19:00,22:00,90,20
B0K01ZA3GX,珠江夜游江运游船,沿江中路298号(团一大广场地铁站B口步行340米),120,风景名胜,4.0,广州市,113.277647,23.114811,10:00,22:00,90,20
B0FFGG1QSV,珠江夜游(海心沙西区码头),珠江新城海心沙亚运公园海心沙码头内3号铺(地铁APM线海心沙站A出口),120,风景名胜,4.6,广州市,113.323314,23.110444,18:00,22:30,90,20
B0KK3BTMEH,珠江夜游(大沙头码头),沿江东路466号大沙头游船码头内,120,风景名胜,3.6,广州市,113.261957,23.111324,19:00,23:00,90,20
B0FFK1UO56,珠江夜游大沙头游船码头,沿江东路466号,120,风景名胜,4.8,广州市,113.2854,23.112516,,,90,20
B00140UFM8,孙中山大元帅府纪念馆(暂停开放),纺织路东沙街18号,0,风景名胜,4.0,广州市,113.279163,23.110011,08:30,17:30,90,20
B0FFGC4Q6A,孙中山大元帅府纪念馆广场,滨江中路,0,风景名胜,4.4,广州市,113.279343,23.110422,00:00,23:59,60,20
B0K6PHZDMJ,车大元帅府,聚龙大街25号,0,风景名胜,4.1,广州市,113.257241,22.974424,,,45,20
B0HDMKSTG6,孙中山大元帅府纪念馆-南楼,纺织路东沙街18号孙中山大元帅府纪念馆(南侧),0,风景名胜,4.1,广州市,113.278984,23.109408,,,90,20
B0HDMKSDKQ,孙中山大元帅府纪念馆-北楼,纺织路东沙街18号孙中山大元帅府纪念馆,0,风景名胜,4.0,广州市,113.279086,23.109705,,,90,20
B02000IVIZ,双塔,唐家巷1-42号(双塔市集旁),0,风景名胜,4.7,苏州市,120.633892,31.306689,08:30,16:00,45,512
B0FFGFB6X5,双塔影园,官太尉15号(临顿路地铁站1号口步行490米),0,风景名胜,3.9,苏州市,120.634283,31.307625,,,45,512
B0HKVS9RA5,七都双塔,南太湖大道与望山路交叉口西220米,0,风景名胜,4.5,苏州市,120.382906,30.95308,00:00,23:59,45,512
B020006944,木渎古镇,木渎镇山塘街188号,80,风景名胜,4.7,苏州市,120.512068,31.2524,,,180,512
B0FFFEXCPY,木渎古镇-廊桥,木渎镇山塘街188号木渎古镇(东南角),0,风景名胜,3.6,苏州市,120.514791,31.247611,,,30,512
B0HD1S3PON,木渎古镇-华佗纪念馆,木渎镇山塘街188号木渎古镇(东南角),0,风景名胜,,苏州市,120.515713,31.247651,,,45,512
B02001AKBS,木渎古镇-秀野园,木渎镇山塘街188号木渎古镇,50,风景名胜,3.3,苏州市,120.511333,31.251537,,,60,512
B0FFJKHD0F,木渎古镇-古松园,木渎镇山塘街188号木渎古镇(东南角),50,风景名胜,4.5,苏州市,120.513169,31.250337,,,90,512
B02001AKG8,木渎古镇-严家淦故居,木渎镇山塘街王家桥畔,40,风景名胜,3.7,苏州市,120.511317,31.247611,,,60,512
B0FFG7CSY2,木渎古镇-香溪岸旅游街区,山塘街188号木渎古镇内(西侧),80,风景名胜,3.6,苏州市,120.507676,31.252194,09:00,22:00,90,512
B021400100,金沙滩,金沙滩路,80,风景名胜,4.8,青岛市,120.24513,35.95721,00:00,23:59,180,532
B0HDBZGRVT,黄岛金沙滩,城市阳台景区内(东侧),50,风景名胜,4.6,青岛市,120.059113,35.870883,,,180,532
B02140YS2Q,金沙滩-万人文化广场,金沙滩路,0,风景名胜,3.6,青岛市,120.240962,35.953578,,,60,532
B0FFG7887X,青岛西海岸金沙滩啤酒城,薛家岛街道西海岸新区金沙滩啤酒城17号大棚,120,风景名胜,4.7,青岛市,120.239158,35.952345,00:00,23:59,180,532
B02140WLH8,海合安·青岛极地海洋公园,东海东路60号,180,风景名胜,4.5,青岛市,120.442663,36.069211,,,180,532
B0FFG1G38F,海合安青岛极地海洋公园-极地广场,东海东路60号,0,风景名胜,4.3,青岛市,120.443584,36.06934,00:00,23:59,45,532
B02140YTAF,青岛海昌极地海洋公园-海兽岛,东海东路60号极地恐龙游乐园内,180,风景名胜,4.4,青岛市,120.443083,36.0679,,,60,532
B0L2CMHOQO,温馨家园极地海洋世界,海川路与海富路交叉口西南260米,180,风景名胜,3.4,青岛市,120.440872,36.076487,08:00,17:30,180,532
B0FFHG81VJ,海合安青岛极地海洋公园-深海奇幻,东海东路60E-11号,180,风景名胜,4.4,青岛市,120.442948,36.069432,08:00,17:30,90,532
B0214082FI,青岛海底世界,莱阳路2号,180,风景名胜,4.6,青岛市,120.33602,36.057077,,,180,532
B0H22RJ7MF,武汉长江大桥纪念馆,武昌桥头堡,0,风景名胜,,武汉市,114.292712,30.547023,09:00,17:00,60,27
B0FFHJTKKP,钱江世纪公园,观澜路1号,0,风景名胜,4.8,杭州市,120.233607,30.241346,,,90,571
B0FFHKQ7F5,钱江新城灯光秀,新业路39号(市民中心地铁站M1口或N2口),0,风景名胜,4.7,杭州市,120.215428,30.244481,,,30,571
B023B07SJZ,清河坊历史文化特色街区,河坊街180号,80,风景名胜,4.7,杭州市,120.169899,30.239827,00:00,23:59,120,571
B0FFFA3PD5,五柳巷历史街区,小营街道斗富二桥西河下9号附近,0,风景名胜,4.7,杭州市,120.176615,30.242162,00:00,23:59,90,571
B023B0284D,胡雪岩故居,元宝街18号,20,风景名胜,4.7,杭州市,120.172906,30.237273,,,90,571
B023B0BIT8,西湖文化广场,环城北路47号,0,风景名胜,4.8,杭州市,120.163755,30.276652,00:00,23:59,90,571
B0FFH0LYNK,江和美海洋公园,杭海路601号(三堡地铁站B1口旁),120,风景名胜,4.5,杭州市,120.227506,30.268541,09:30,17:30,180,571
B023B065OH,杭州基督教会崇一堂,新塘路26号(近庆春广场),0,风景名胜,4.8,杭州市,120.208778,30.259353,09:00,17:00,60,571
B023B02841,武林广场,天水街道体育场路208号,0,风景名胜,4.7,杭州市,120.163325,30.271001,10:00,21:00,60,571
B023B015D8,鼓楼,中山南路501号(近十五奎巷),0,风景名胜,4.7,杭州市,120.171386,30.237994,09:00,21:00,45,571
B023B0A5KT,吴山广场,延安南路1号附近,0,风景名胜,4.8,杭州市,120.163686,30.239183,00:00,23:59,90,571
B023B082T5,西湖天地,南山路147号9C,120,风景名胜,4.8,杭州市,120.159282,30.247034,00:00,23:59,90,571
B023B0ACA0,钱江龙,江汉路闻涛路交叉口射潮广场,0,风景名胜,4.7,杭州市,120.202578,30.211897,00:00,23:59,60,571
B0HATZZAXS,杭州钱塘江夜游(滨江码头),闻涛路滨江码头,120,风景名胜,4.6,杭州市,120.200852,30.211689,09:00,22:40,90,571
B0HB399RBD,城市阳台江堤步道,四季青街道之江路1122号,0,风景名胜,4.6,杭州市,120.219288,30.24515,,,60,571
B023B0BIO8,CBD公园,五星路181号(市民中心地铁站N3B口步行460米),0,风景名胜,4.6,杭州市,120.212285,30.237933,00:00,23:59,60,571
B0FFG49JKW,吴山景区-城隍阁景区,吴山3号(吴山广场山顶),50,风景名胜,4.7,杭州市,120.164726,30.236413,08:00,17:00,90,571
B023B06P06,西溪国家湿地公园,天目山路518号,120,风景名胜,4.7,杭州市,120.061159,30.255079,,,240,571
B0FFKQNUS4,孤山公园,西湖街道孤山北路3号,0,风景名胜,4.8,杭州市,120.142481,30.251654,00:00,23:59,90,571
B023B02074,太子湾公园,南星街道南山路1-1号,0,风景名胜,4.8,杭州市,120.142177,30.22547,00:00,23:59,90,571
B023B0253E,西子驿曲院风荷,杭州西湖风景名胜区杨公堤38号,40,风景名胜,4.8,杭州市,120.133333,30.249287,00:00,23:59,90,571
B023B14BMI,波浪文化城,解放东路8号(市民中心地铁站L口步行260米),0,风景名胜,4.4,杭州市,120.214482,30.243589,00:00,23:59,60,571
B023B023B2,杭州西湖风景名胜区-花港观鱼,西湖街道西山路5-1号,0,风景名胜,4.8,杭州市,120.139095,30.230233,00:00,23:59,60,571
B023B0224D,杭州西湖风景名胜区宝石山,曙光路43附近,0,风景名胜,4.9,杭州市,120.140608,30.259804,00:00,23:59,90,571
B0HAKBH5VU,西湖风景区-荷花区,杭州西湖风景名胜区-湖滨公园,0,风景名胜,4.7,杭州市,120.162404,30.250924,,,90,571
B023B05MJE,飞来峰,灵隐街道灵隐路法云弄1号,45,风景名胜,4.8,杭州市,120.101101,30.239119,06:30,18:00,90,571
B023B01D2F,杭州西湖风景名胜区-涌金公园,杭州西湖风景名胜区内(东北角),0,风景名胜,4.8,杭州市,120.160139,30.245915,00:00,23:59,60,571
B023B015DA,杭州西湖风景名胜区-敕建净慈禅寺,南山路56号,45,风景名胜,4.8,杭州市,120.149165,30.228643,06:30,17:00,90,571
B023B07HMV,钱江新城·森林公园,四季青街道五星路181号,0,风景名胜,4.7,杭州市,120.210112,30.239734,00:00,23:59,90,571
B0FFFESC91,杭州西湖风景名胜区-钱王祠,南山路11号,30,风景名胜,4.7,杭州市,120.157932,30.242848,08:00,16:30,60,571
B0FFKK6B26,杭州奥体中心码头,闻涛路与飞虹路交叉口西120米,80,风景名胜,4.7,杭州市,120.222606,30.229228,09:00,21:00,90,571
B0IAVN9P4G,晓霞弄,十五奎巷与中山南路交叉口西140米,0,风景名胜,4.7,杭州市,120.169858,30.237603,,,30,571
B0FFFDIGWR,杭州西湖风景名胜区-岳王庙,北山街80号,40,风景名胜,4.6,杭州市,120.13459,30.252443,07:30,17:30,90,571
B023B015D9,杭州西湖风景名胜区-万松书院,万松岭路81号,20,风景名胜,4.6,杭州市,120.160498,30.226809,07:30,16:00,90,571
B03830MO6K,椰梦长廊,三亚湾路116号,0,风景名胜,4.8,三亚市,109.475754,18.274342,00:00,23:59,90,899
B03830MO5B,海月广场,迎宾路九号,0,风景名胜,4.8,三亚市,109.494467,18.259085,00:00,23:59,60,899
B0K0DA9GM3,凤凰岛桥头公园,三亚湾路与光明街交叉口西60米,0,风景名胜,4.5,三亚市,109.500812,18.24604,,,60,899
B0FFFGZYT1,临春岭森林公园,河东区街道凤凰路临春段(近艺术家新村),0,风景名胜,4.7,三亚市,109.526536,18.260389,07:00,22:30,120,899
B03830MO65,小东海,小东海旅游度假区,120,风景名胜,4.7,三亚市,109.502296,18.208582,09:00,16:00,180,899
B0FFHKNC3J,情人桥,,0,风景名胜,4.5,三亚市,109.51177,18.244978,00:00,23:59,30,899
B0FFJ5FY2T,鹿回头滨河公园,河东区街道市民游客中心对面,0,风景名胜,4.6,三亚市,109.517685,18.23001,00:00,23:59,90,899
B0J0UAYE9T,小东海海滩,果岭路5号,0,风景名胜,4.5,三亚市,109.499359,18.203939,00:00,23:59,180,899
B0FFG0MSBR,三亚市丰兴隆党群主题公园,春光路丰兴隆桥头,0,风景名胜,4.7,三亚市,109.51431,18.261727,00:00,23:59,90,899
B0FFLAV99U,三亚湾椰梦长廊风景区,三亚湾路与海声路交叉口东南40米,0,风景名胜,4.8,三亚市,109.4505,18.284944,,,90,899
B0H6VDG3WH,情人湾,鹿回头村一组202号,120,风景名胜,4.3,三亚市,109.492889,18.215126,08:00,17:30,180,899
B03830MO4T,月川桥,解放四路93号,0,风景名胜,4.5,三亚市,109.500841,18.264983,00:00,23:59,30,899
B0FFFH0CD3,三亚西岛海洋文化旅游区,三亚湾路肖旗港码头,180,风景名胜,4.7,三亚市,109.373711,18.237774,08:00,17:30,240,899
B0I0AA5W68,小洲岛复绿公园,,0,风景名胜,4.7,三亚市,109.492433,18.227466,00:00,23:59,60,899
B038300352,城市乐园,三亚河西路,0,风景名胜,4.4,三亚市,109.5079,18.256069,00:00,23:59,90,899
B0FFG1K2AH,亚龙湾风景区-天下第一湾,亚龙湾旅游开发区,120,风景名胜,4.7,三亚市,109.644393,18.229835,,,180,899
B0FFITG659,萍水沙滩,三亚湾路189-9号三亚湾(东南角),0,风景名胜,4.4,三亚市,109.497021,18.255224,,,120,899
B0FFGEJ720,爱立方滨海乐园,亚龙湾国家旅游度假区内,180,风景名胜,4.7,三亚市,109.646121,18.230538,08:30,21:30,240,899
B0FFH2GI88,三亚东岸湿地公园,凤凰路东,0,风景名胜,4.4,三亚市,109.510696,18.284365,00:00,23:59,90,899
B0LAGZKFFH,太阳湾海滩,太阳湾玻璃海乐园东侧70米,0,风景名胜,4.7,三亚市,109.612723,18.189286,,,180,899
B0LD918VDS,凤凰岛,光明街2号1,120,风景名胜,4.3,三亚市,109.501215,18.246306,,,180,899
B0FFHJA6FL,红树林生态公园,河东区街道,0,风景名胜,4.5,三亚市,109.523182,18.271294,08:30,18:00,90,899
B0FFGA68TN,临春河公园,河西区街道临春河路,0,风景名胜,4.4,三亚市,109.517661,18.246987,00:00,23:59,60,899
B0KUYYXHH9,商品街,海南三亚商品街8巷17号,80,风景名胜,4.3,三亚市,109.513629,18.248768,,,90,899
B03830MO6E,明月广场,大东海旅游区内(西侧),0,风景名胜,4.5,三亚市,109.516578,18.220241,00:00,23:59,45,899
B0FFLH5QFT,李子坝单轨穿楼观景平台,李子坝正街62号(李子坝地铁站1号口步行110米),0,风景名胜,4.8,重庆市,106.537916,29.553629,06:30,23:00,30,23
B0G1XDI8P4,重庆十八梯传统风貌区,中兴路1号(较场口地铁站出入口旁),80,风景名胜,4.8,重庆市,106.573042,29.551015,00:00,23:59,120,23
B001701EF7,鹅岭公园,鹅岭正街176号(鹅岭地铁站2A口步行360米),30,风景名胜,4.8,重庆市,106.536235,29.549688,06:00,22:00,90,23
B001702CBC,罗汉寺,解放碑街道罗汉寺街7号(小什字地铁站6号口旁),30,风景名胜,4.8,重庆市,106.581619,29.559756,07:00,17:30,60,23
B00170LAPL,周公馆,上清寺中山四路曾家岩50号(曾家岩地铁站2号口步行90米),0,风景名胜,4.8,重庆市,106.550467,29.565389,09:00,19:00,60,23
B001791Q8V,钻石广场,北滨二路附近,0,风景名胜,4.8,重庆市,106.569782,29.570048,00:00,23:59,60,23
B0FFHS7UNC,下浩里,南滨路与东水门长江大桥交叉口东北角,0,风景名胜,4.8,重庆市,106.595746,29.557588,00:00,23:59,90,23
B001706L1A,重庆长江索道,"新华路151号(小什字地铁站5B口旁),上新街4号(索道南站)",20,风景名胜,4.5,重庆市,106.59241,29.553272,,,45,23
B0017822LZ,湖广会馆,长江滨江路芭蕉园1号,50,风景名胜,4.7,重庆市,106.586915,29.557921,09:00,17:00,90,23
B0017819T5,重庆珊瑚公园,长江滨江路336号,0,风景名胜,4.7,重庆市,106.554387,29.549482,08:00,18:00,90,23
B0G0DCBEW5,重庆云端之眼观景台,新华路201号联合国际写字楼67楼,88,观景点,4.7,重庆市,106.582153,29.557267,09:00,23:00,60,23
B001786RF6,鸿恩寺森林公园,鸿恩路,0,风景名胜,4.8,重庆市,106.507674,29.568621,06:30,21:30,120,23
B0FFJ0756U,龙门浩老街,南滨路105号(上新街地铁站2号口步行320米),80,风景名胜,4.8,重庆市,106.594746,29.555993,00:00,23:59,120,23
B0FFHCL1T9,长嘉汇弹子石老街,泰昌路69号,120,风景名胜,4.7,重庆市,106.588015,29.579709,10:00,22:00,180,23
B0FFJUF87Z,马鞍山堂里,学田湾正街枣子垭正街交汇处(大礼堂地铁站1号口步行290米),0,风景名胜,4.8,重庆市,106.554713,29.559965,09:00,17:30,60,23
B0FFFZTIWP,重庆欢乐海底世界,化龙桥重庆天地企业天地2号楼1层,120,风景名胜,4.6,重庆市,106.515993,29.550802,09:00,18:00,180,23
B0FFIRIIB7,南滨路钟楼广场,南滨路千佛寺旁,0,风景名胜,4.8,重庆市,106.591963,29.572684,00:00,23:59,60,23
B00178UM69,渝北龙头寺公园,红土地地铁站1A口步行150米,0,风景名胜,4.7,重庆市,106.5547,29.588196,00:00,23:59,90,23
B001702FA6,重庆大轰炸遗址群“六·五”隧道惨案遗址,较场口87号附4号(较场口地铁站9号口步行150米),0,风景名胜,4.6,重庆市,106.575725,29.553863,10:00,18:00,60,23
B0HBKZPN7C,戴家巷崖壁步道,嘉陵江临江路,0,风景名胜,4.8,重庆市,106.576617,29.561696,00:00,23:59,60,23
B0FFJ2T44Q,重庆白象街传统风貌区,解放东路407号,0,风景名胜,4.4,重庆市,106.579679,29.551644,00:00,23:59,90,23
B0LDGAD2XG,十八梯观景台,较场口临68-17号,0,风景名胜,4.6,重庆市,106.574188,29.552407,,,45,23
B0H0T7PE92,两江小渡,嘉陵江滨江路98号,20,风景名胜,4.7,重庆市,106.576551,29.562407,10:00,17:00,60,23
B0FFK7WOXJ,山城巷传统风貌区,七星岗街道南区路与中兴路交叉口东北50米,50,风景名胜,4.8,重庆市,106.568822,29.550114,,,90,23
B0JG47DSQI,临江门,临江路35号(临江门地铁站2号口步行250米),0,风景名胜,4.7,重庆市,106.573396,29.559336,00:00,23:59,45,23
B00178VU7E,老君洞道观,崇文路彩瑞苑对面,30,风景名胜,4.8,重庆市,106.602082,29.542263,07:30,17:00,90,23
B0J2MH093C,揽胜亭,桂花园94号旁,0,风景名胜,4.7,重庆市,106.540535,29.556009,00:00,23:59,30,23
B001706JP1,重庆长江大桥,菜园坝街道南滨路与江南大道交叉口北侧,0,风景名胜,4.7,重庆市,106.563137,29.545623,00:00,23:59,30,23
B00170A0Q5,桂园,上清寺中山四路65号(求精中学旁),0,风景名胜,4.7,重庆市,106.547056,29.562864,09:00,17:00,60,23
B00178763W,通远门城墙遗址公园,金汤街53号(七星岗地铁站1号口步行430米),0,风景名胜,4.8,重庆市,106.567734,29.555908,00:00,23:59,45,23
B001783S3R,通远门段城门及城墙,和平路和金汤街交汇处(七星岗地铁站1号口步行390米),0,风景名胜,4.6,重庆市,106.567319,29.555454,00:00,23:59,45,23
B001706G5Q,人民公园,朝天门街道公园路1号(小什字地铁站5A口步行300米),0,风景名胜,4.6,重庆市,106.581235,29.555152,00:00,23:59,60,23
B0HBM6JUOX,江北嘴中央广场,江北城街道东升门路与庆云路交叉口西南100米,0,风景名胜,4.7,重庆市,106.573236,29.57447,,,60,23
B0FFJHBOYL,重庆南山风景区,南山公园路101号,80,风景名胜,4.8,重庆市,106.616651,29.557991,00:00,23:59,180,23
B0017034B2,重庆枇杷山公园,两路口街道两路口街道枇杷山正街74号,0,风景名胜,4.7,重庆市,106.557882,29.553912,00:00,23:59,90,23
B0FFGAMI8G,南山一棵树景区,南山风景区内,80,风景名胜,4.6,重庆市,106.602505,29.545316,09:00,23:00,90,23
B0FFKUS9BL,黄桷垭老街,崇文路12号,50,风景名胜,4.7,重庆市,106.602521,29.537306,00:00,23:59,90,23
B0J6S74FAL,曾家岩临崖步道,曾家岩隧道与曾家岩嘉陵江大桥交叉口西300米,0,风景名胜,4.8,重庆市,106.546826,29.56526,,,60,23
B0FFHGHPGP,莲花山公园-邓小平雕像,红荔路6030号莲花山公园内,0,风景名胜,4.8,深圳市,114.05947,22.553197,06:30,23:00,60,755
B02F37T4ZP,笔架山公园,梅岗路,0,风景名胜,4.7,深圳市,114.080876,22.562893,06:00,23:00,90,755
B02F38OXYB,莲花山公园风筝广场,红荔路6030号莲花山公园内(南侧),0,风景名胜,4.8,深圳市,114.05991,22.549422,00:00,23:59,90,755
B0JR6AJJ42,笔架山体育公园,笔架山公园内福田河以西,0,风景名胜,4.8,深圳市,114.074651,22.558467,06:00,23:00,90,755
B0FFG1V706,香蜜公园,香蜜湖街道农园路30号,0,风景名胜,4.8,深圳市,114.022072,22.546652,06:00,23:00,90,755
B0FFH0LIRP,莲花山公园山顶广场,红荔路6030号,0,风景名胜,4.8,深圳市,114.059469,22.553186,00:00,23:59,90,755
B0K61COD0U,沙嘴牌坊,沙嘴路与福沙路交叉口东北100米,0,风景名胜,4.9,深圳市,114.035615,22.519551,00:00,23:59,30,755
B02F37TJOS,水围文化广场,金田路1029号,0,风景名胜,4.6,深圳市,114.06393,22.52162,00:00,23:59,60,755
B02F37TTW7,荔枝公园,红岭中路1001号,0,风景名胜,4.7,深圳市,114.102313,22.545539,00:00,23:59,90,755
B0FFH0ZFQ3,市民广场南广场,福华一路3号(市民中心地铁站F口步行420米),0,风景名胜,4.8,深圳市,114.060458,22.538163,00:00,23:59,60,755
B02F38SLSE,深圳国际园林花卉博览园,深南大道8002号,50,风景名胜,4.8,深圳市,114.003766,22.537601,06:00,23:00,180,755
B0FFL8H59H,岗边伯公庙,滨河大道3030号(赤尾地铁站D口步行190米),0,风景名胜,4.6,深圳市,114.084804,22.533808,08:00,24:00,30,755
B02F38PGIY,下沙文化广场,沙头街道下沙大围路(下沙地铁站B口步行480米),0,风景名胜,4.6,深圳市,114.025968,22.525873,11:00,12:00,60,755
B0FFHGLCHN,华富社区公园,梅岗路1南门华富北屋村,0,风景名胜,4.7,深圳市,114.081187,22.55583,00:00,23:59,45,755
B02F3006FD,基督教深圳堂,梅林路126号,0,风景名胜,4.6,深圳市,114.046983,22.568339,,,60,755
B0I13DT85A,市民中心公园,深南大道市民中心广场前(近市民中心),0,风景名胜,4.5,深圳市,114.059619,22.541321,00:00,23:59,60,755
B02F309TSG,福田环庆文化广场,福华路福祥街,0,风景名胜,4.8,深圳市,114.079659,22.5345,,,60,755
B02F37U63X,塘朗山公园,龙珠六路尽头处,0,风景名胜,4.3,深圳市,113.993789,22.571178,00:00,23:59,180,755
B02F38IHDS,福田红树林自然保护区,,0,风景名胜,4.7,深圳市,114.023921,22.519196,08:00,20:00,90,755
B02F3024BA,锦绣中华民俗村,深南大道9003号(华侨城地铁站D口步行100米),220,风景名胜,4.7,深圳市,113.988741,22.530907,10:00,22:15,240,755
B02F37UK43,福田区文化广场,景田路8号,0,风景名胜,4.6,深圳市,114.045416,22.54528,00:00,23:59,60,755
B0FFG9L0NR,莲花湖,红荔路6030号莲花山公园内(儿童医院对面),0,风景名胜,4.6,深圳市,114.055559,22.551452,,,90,755
B02F37WNHZ,锦绣园,三龙花园附近,0,风景名胜,4.3,深圳市,114.059476,22.526555,06:00,18:00,60,755
B02F37TI6S,深圳市清真寺,梅林路7号,0,风景名胜,4.6,深圳市,114.070036,22.567936,06:00,22:00,60,755
B0FFIV0L73,向日葵公园,福华一路3号市民广场南广场(东南角),0,风景名胜,4.0,深圳市,114.061363,22.537448,09:00,21:00,60,755
B0FFH0ZH1A,白石龙音乐主题公园,新区大道与金龙路交叉口西南200米,0,风景名胜,4.7,深圳市,114.038666,22.597179,00:00,23:59,90,755
B0H1Y5WI4R,福田海滨生态体育公园,白石路5号,0,风景名胜,4.7,深圳市,114.012473,22.529292,08:30,22:30,90,755
B0H0SS1K44,香蜜湖·四季花谷,香蜜湖街道农园路30号香蜜公园(东南角),0,风景名胜,4.7,深圳市,114.0251,22.54231,10:00,18:00,90,755
B0FFG6WL9L,深圳中心公园D1区,华富街道皇岗路深圳中心公园(西北角),0,风景名胜,4.7,深圳市,114.075897,22.546781,00:00,23:59,90,755
B0LG0R6HPY,皇岗牌坊,皇岗一街与金田路交叉口西40米,0,风景名胜,4.6,深圳市,114.063978,22.524958,,,30,755
B0K64MOV5F,深圳中心公园A区,深圳中心公园内(南侧),0,风景名胜,4.6,深圳市,114.075356,22.532232,,,90,755
B0KRJU4NJL,梅拉尼亚小镇,深南大道9037-6号深圳世界之窗,0,风景名胜,4.7,深圳市,113.972922,22.535712,09:00,22:30,45,755
B0FFHEJLSD,般若禅寺,南坪快速附近,0,风景名胜,,深圳市,114.06425,22.602594,08:30,18:00,60,755
B0FFIBR8V5,笋岗村牌坊,宝岗路与梅园路交叉口北100米,0,风景名胜,4.8,深圳市,114.112919,22.564977,00:00,23:59,20,755
B0KUFC8TJH,小平铜像广场,红荔路6030号莲花山公园,0,风景名胜,4.6,深圳市,114.059531,22.553232,,,45,755
B0FFG6WLA5,深圳中心公园C2区,振华西路1号深圳中心公园,0,风景名胜,4.7,深圳市,114.079342,22.542464,,,90,755
B0FFLA9WFU,北京路文化旅游区,"北京路(地铁1,2号线公园前站E出口步行330米)",80,风景名胜,4.7,广州市,113.269137,23.123981,00:00,23:59,180,20
B00140AUDQ,大佛寺,惠新中街21号,30,风景名胜,4.9,广州市,113.268027,23.122373,07:30,21:30,90,20
B00140BNNF,越秀公园,解放北路988号,0,风景名胜,4.7,广州市,113.265561,23.140096,06:00,22:00,120,20
B00140UFHC,中山纪念堂,东风中路299号,20,风景名胜,4.9,广州市,113.264692,23.13286,09:00,17:30,90,20
B00141IEY5,三元宫,应元路11号(地铁2号线纪念堂站C出口步行140米),0,风景名胜,4.8,广州市,113.263246,23.134993,08:00,17:00,60,20
B00140BAAA,光孝寺,光孝路109号,20,风景名胜,4.6,广州市,113.256587,23.129347,08:30,16:30,90,20
B0014021B3,南越王博物院(王墓展区),解放北路867号(地铁2号线越秀公园站E出口步行150米),0,风景名胜,4.6,广州市,113.261015,23.137823,,,120,20
B00140UFB8,流花湖公园,东风西路163号,0,风景名胜,4.8,广州市,113.251095,23.137289,06:00,22:00,90,20
B00140SCPI,海珠广场,人民街道果菜西社区一德路237号,0,风景名胜,4.8,广州市,113.266103,23.114468,00:00,23:00,60,20
B00140U00B,六榕寺,六榕路87号,30,风景名胜,3.5,广州市,113.260083,23.127887,08:00,17:00,60,20
B00140UEO1,广州动物园,先烈中路120号,40,风景名胜,4.8,广州市,113.305342,23.140884,08:00,18:00,180,20
B00140UFEW,广州兰圃,解放北路901号,20,风景名胜,4.7,广州市,113.260471,23.143731,08:00,18:00,90,20
B0FFG221E7,市政府广场,北京街道府前路1号(纪念堂地铁站D1口步行320米),0,风景名胜,4.2,广州市,113.264331,23.128891,00:00,23:59,30,20
B00140TXAL,上下九-第十甫历史文化街区,下九路29号(华林寺地铁站E口步行450米),80,风景名胜,4.6,广州市,113.246895,23.114228,00:00,23:59,180,20
B00140T14D,五羊雕像,解放北路988号越秀公园内木壳岗上,0,风景名胜,4.8,广州市,113.262852,23.138021,06:00,22:00,30,20
B00140AKR1,广州起义烈士陵园,中山二路92号,0,风景名胜,5.0,广州市,113.285865,23.128824,06:00,22:00,90,20
B00140C5YX,麓湖公园,登峰街道云山南路白云山风景区,0,风景名胜,4.8,广州市,113.281794,23.151091,00:00,23:59,90,20
B00140UETI,黄花岗公园,先烈中路79号,0,风景名胜,4.8,广州市,113.295108,23.139692,08:00,18:00,90,20
B0FFFVJ4C1,石室圣心大教堂-石室耶稣圣心堂,卖麻街与白米巷交叉口西北100米,0,风景名胜,4.8,广州市,113.260092,23.114523,13:00,14:30,60,20
B00140UFEV,人民公园,"连新路2号(地铁1,2号线公园前站K出口步行60米)",0,风景名胜,4.8,广州市,113.264345,23.127159,00:00,23:59,60,20
B00140WBEX,城隍庙,中山四路忠佑大街48号,0,风景名胜,4.8,广州市,113.271131,23.126213,08:00,17:00,60,20
B00140D02H,东山湖公园,东湖路123号(东湖地铁站B1口旁),0,风景名胜,4.8,广州市,113.292052,23.115193,06:00,22:00,90,20
B00140H4G8,云台花园,云山南路5号(云台花园地铁站C2口步行280米),35,风景名胜,4.8,广州市,113.293827,23.158093,08:00,18:00,90,20
B001402B4C,广州起义纪念馆,起义路200-1(公园前地铁站J口步行60米),0,风景名胜,4.6,广州市,113.264677,23.124357,09:00,17:30,90,20
B00140U0TF,广州雕塑公园,下塘西路545号,0,风景名胜,4.6,广州市,113.270604,23.148849,06:00,22:00,90,20
B0KBO571I8,月亮桥,多宝路222号多宝古坊直入100米,0,风景名胜,4.7,广州市,113.238345,23.116005,00:00,23:59,30,20
B00140UGBO,广州文化公园,西堤二马路37号(近西堤邮局),0,风景名胜,4.7,广州市,113.251401,23.109669,07:30,21:30,90,20
B00140BPQO,毛泽东同志主办农民运动讲习所旧址纪念馆,中山四路42号(地铁1号线农讲所站C出口步行100米),0,风景名胜,3.4,广州市,113.276477,23.127547,09:00,17:00,90,20
B00140UFBP,广州海洋馆,先烈中路120号动物园内(近动物园公交总站),180,风景名胜,4.5,广州市,113.304802,23.14373,,,180,20
B0FFG9J3MV,主教府,一德路旧部前56号(一德路地铁站B口步行420米),0,风景名胜,4.7,广州市,113.25961,23.115178,,,60,20
B00141TJ4B,二沙岛,白云街道大通路263号,0,风景名胜,4.8,广州市,113.305476,23.109987,00:00,23:59,90,20
B00140DR5O,海幢寺,南华中路188号,30,风景名胜,4.8,广州市,113.25912,23.105279,07:00,17:00,90,20
B02000IFB4,西园寺,留园路西园弄18号,25,风景名胜,4.1,苏州市,120.587334,31.314823,07:30,17:30,90,512
B0200178TG,七里山塘景区,山塘街177号,80,风景名胜,4.8,苏州市,120.602105,31.317059,00:00,23:59,120,512
B02000IDMN,苏州市枫桥风景名胜区,枫桥路底(何山大桥东堍),50,风景名胜,4.8,苏州市,120.568304,31.309475,07:00,18:00,90,512
B0FFIGEXVT,苏州园林,东北街178号拙政园内(东侧),90,风景名胜,4.8,苏州市,120.629969,31.324225,09:00,16:00,180,512
B02000JQ2H,唐少傅白公祠,山塘街18号白居易纪念苑内,0,风景名胜,4.7,苏州市,120.603717,31.315369,09:30,11:30,45,512
B020001R2Q,拙政园,东北街178号,80,风景名胜,4.7,苏州市,120.629211,31.324194,,,120,512
B02000IUP5,盘门景区,东大街49号(阊胥路苏州火柴厂旧址),50,风景名胜,4.7,苏州市,120.617335,31.288477,,,120,512
B02000IFCL,艺圃,苏州园林,40,风景名胜,4.7,苏州市,120.608921,31.313032,,,90,512
B020005FEQ,苏州市运河体育公园,狮山桥下,0,风景名胜,4.6,苏州市,120.573833,31.299497,00:00,22:00,90,512
B0200066SE,天主堂,三香路1162号,0,风景名胜,4.4,苏州市,120.581819,31.298058,08:00,16:30,45,512
B020001I78,桐泾公园,桐泾南路1号,0,风景名胜,4.6,苏州市,120.602069,31.282618,06:00,21:30,90,512
B0FFG01X8U,怡园,人民路1265号,50,风景名胜,4.8,苏州市,120.621266,31.307521,,,90,512
B02000ICGL,白塔公园,国土局旁,0,风景名胜,4.7,苏州市,120.624701,31.317517,00:00,23:59,60,512
B0FFFVO892,阊门遗址,金阊街道阊胥路521号,0,风景名胜,4.8,苏州市,120.6056,31.315116,08:00,17:00,45,512
B0FFF3A0LK,三香广场,三香路353号(雅都大酒店对面),0,风景名胜,4.7,苏州市,120.59797,31.297827,06:00,18:00,45,512
B0FFLBV73B,苏州桃花坞历史文化片区,廖家巷28号唐寅文化区(江苏省纺织工业设计研究院对面),0,风景名胜,4.7,苏州市,120.61261,31.322796,09:00,21:00,90,512
B0FFF5U2QK,耦园,苏州园林,40,风景名胜,4.7,苏州市,120.63835,31.31623,07:00,17:30,90,512
B0LRAZ09OW,七里山塘千年古街,山塘街与上塘街交叉口西北20米,80,风景名胜,4.7,苏州市,120.60334,31.314609,,,120,512
B020005F4M,苏州公园,民治路258号(临顿路地铁站1号口步行380米),0,风景名胜,4.7,苏州市,120.627537,31.304485,05:30,21:00,90,512
B0IRSUAWPW,狮山文化广场,狮山路长江路交叉口,0,风景名胜,4.8,苏州市,120.54431,31.290714,00:00,23:59,60,512
B0FFIRYWD4,唐寅故居文化区,桃花坞历史文化片区,0,风景名胜,4.7,苏州市,120.613455,31.322858,,,90,512
B02000IFGY,东园,白塔东路1号,0,风景名胜,4.8,苏州市,120.638839,31.320822,,,90,512
B0200161UM,虎丘湿地公园,阳澄湖西路1800号,0,风景名胜,4.7,苏州市,120.571201,31.365051,06:00,20:00,120,512
B020001ACA,苏州市桂花公园,竹辉路1号(竹辉桥地铁站1西南口步行470米),0,风景名胜,4.8,苏州市,120.642676,31.291563,00:00,23:59,60,512
B0K6K5WO4Z,狮山公园,长江路与狮山路交叉口西北180米,0,风景名胜,4.8,苏州市,120.547794,31.293849,00:00,23:59,90,512
B0FFGY26AK,上方山森林动物世界,吴越路南200米,80,风景名胜,4.5,苏州市,120.582076,31.238321,08:30,17:00,180,512
B020007L51,玄妙观,观前街94号(悬桥巷地铁站出入口步行440米),30,风景名胜,4.6,苏州市,120.626314,31.31196,07:30,17:00,90,512
B020001270,城隍庙,景德路94号(察院场地铁站1A西南口步行230米),30,风景名胜,4.8,苏州市,120.618903,31.311501,07:30,16:30,60,512
B0FFH62KNA,古鸡鸣寺,鸡鸣寺路1号钟山风景名胜区玄武湖景区内西南侧,50,风景名胜,5.0,南京市,118.795246,32.061061,07:30,17:30,90,25
B00190BBCZ,玄武湖景区,玄武门路1号钟山风景名胜区西侧,0,风景名胜,4.9,南京市,118.812688,32.069455,00:00,23:59,180,25
B00190BMRC,总统府,长江路292号,40,风景名胜,4.8,南京市,118.797398,32.044228,,,180,25
B00191437W,夫子庙秦淮风光带,平江府路80-1(夫子庙地铁站2号口步行170米),80,风景名胜,4.8,南京市,118.788972,32.020699,00:00,23:59,180,25
B0FFHB821F,南京城墙景区,玄武湖公园,50,风景名胜,4.8,南京市,118.801956,32.061456,08:30,17:00,120,25
B001909FV4,南京城墙台城景区,鸡鸣寺路解放门8号,30,风景名胜,4.7,南京市,118.79626,32.062723,00:00,23:59,90,25
B0019051A6,南京城墙景区-玄武门,玄武湖景区(玄武门地铁站3号口步行300米),0,风景名胜,4.6,南京市,118.787516,32.070521,00:00,23:59,60,25
B001905DFY,红山森林动物园,和燕路168号(红山动物园地铁站1号口步行400米),80,风景名胜,4.8,南京市,118.80299,32.091973,08:30,16:30,180,25
B00190ANHZ,南京夫子庙,贡院街152号,80,风景名胜,4.8,南京市,118.788899,32.02066,09:00,22:00,180,25
B0019067HC,玄武湖景区情侣园,龙蟠路100号,0,风景名胜,4.9,南京市,118.809617,32.07004,,,90,25
B00190AMUB,南京1912街区,长江后街8号,120,风景名胜,4.7,南京市,118.795778,32.044777,00:00,23:59,180,25
B001912D6Z,太阳宫广场,湖岗子村阳光路3号(岗子村地铁站3号口步行290米),80,风景名胜,4.7,南京市,118.81386,32.064285,10:00,22:00,120,25
B00190CS6P,钟山风景名胜区,石象路7号,80,风景名胜,4.8,南京市,118.849989,32.047816,08:30,17:00,240,25
B00190517A,白马公园,锁金村街道白马山庄1号(近龙蟠路),40,风景名胜,4.7,南京市,118.816692,32.060725,,,90,25
B0KRJA8KZL,南京梧桐大道(陵园路),四方城西路与陵园路交叉口西60米,0,风景名胜,4.8,南京市,118.841586,32.04605,00:00,23:59,60,25
B00190536A,瞻园,瞻园路128号,50,风景名胜,4.8,南京市,118.785163,32.021034,,,90,25
B001907IVB,中共代表团梅园新村纪念馆,汉府街18-1,0,风景名胜,4.6,南京市,118.801602,32.042379,09:00,17:30,90,25
B0019079XP,武庙遗址(不对外开放),北京东路43号(鸡鸣寺地铁站5号口步行180米),0,风景名胜,4.1,南京市,118.797533,32.059068,,,0,25
B00190AZ4L,毗卢寺,汉府街4号(西安门地铁站2号口步行370米),30,风景名胜,4.8,南京市,118.803341,32.042875,08:00,17:00,90,25
B00190AMPT,朝天宫,朝天宫4号(朝天宫地铁站1号口步行210米),50,风景名胜,4.7,南京市,118.77532,32.034344,09:00,18:00,120,25
B001905N9D,侵华日军南京大屠杀遇难同胞纪念馆,水西门大街418号,0,风景名胜,4.7,南京市,118.742372,32.035217,,,120,25
B0FFIWL1DU,南京利济巷慰安所旧址陈列馆,五老村街道利济巷2号(大行宫地铁站出入口步行360米),0,风景名胜,4.8,南京市,118.79771,32.038984,09:00,17:30,90,25
B0FFKMPSY4,莲花广场,南京玄武湖公园,0,风景名胜,4.7,南京市,118.794126,32.074187,00:00,23:59,45,25
B001906PB9,基督教江苏路堂,江苏路60-10号,0,风景名胜,4.9,南京市,118.770725,32.064354,,,60,25
B0FFHDXY5Z,灵谷景区,孝陵卫街道灵谷寺2号,70,风景名胜,4.8,南京市,118.866392,32.056287,,,120,25
B00190BBTX,莫愁湖公园,水西门大街132号莫愁湖,40,风景名胜,4.8,南京市,118.761005,32.036459,,,120,25
B00190827M,南京海底世界,四方城路2号,180,风景名胜,4.7,南京市,118.845254,32.053785,,,120,25
B001907K76,南京中山植物园,前湖后村1号中山陵园风景区,45,风景名胜,4.8,南京市,118.831762,32.0554,08:30,17:30,180,25
B0KKSU0VR1,颐和路12号民国建筑,颐和路12号,0,风景名胜,4.7,南京市,118.767678,32.064198,,,45,25
B0LDO50G83,梧桐大道九号网红打卡圣地,陵园路与四方城西路交叉口东60米,0,风景名胜,4.7,南京市,118.842883,32.046231,,,45,25
B0FFFA2WGT,江南贡院,贡院街120号(夫子庙地铁站2号口步行290米),50,风景名胜,4.7,南京市,118.790669,32.020795,09:00,22:00,90,25
B0FFG4QV41,玄武湖景区十里长堤,环湖路与阳光路交叉口北50米,0,风景名胜,4.8,南京市,118.811384,32.064937,,,90,25
B0FFGYKCUJ,大报恩寺遗址景区,中华门外雨花路1号,120,风景名胜,4.8,南京市,118.78301,32.009204,,,180,25
B00190BBVD,北极阁公园,鸡鸣寺路1号钟山风景名胜区玄武湖景区内西南侧,0,风景名胜,4.6,南京市,118.790688,32.059699,09:00,16:00,60,25
B00190001A,九华山公园,九华山路21号钟山风景名胜区玄武湖景区内南侧(九华山地铁站1号口步行310米),0,风景名胜,4.5,南京市,118.807313,32.059806,09:00,18:00,90,25
B0LAYUZM31,屿见闽南·时光幻境主题景区,东港北路15、17-19号,120,风景名胜,4.7,厦门市,118.077942,24.481655,10:00,21:00,90,592
B0250041BK,海湾公园,西堤东路49号,0,风景名胜,4.9,厦门市,118.076287,24.473095,00:00,23:59,90,592
B0FFLPCW7Y,厦门山海健康步道,邮轮码头(邮轮中心地铁站6号口步行470米),0,风景名胜,4.8,厦门市,118.078283,24.481175,00:00,23:59,90,592
B02500414M,厦门白鹭洲公园,白鹭洲路,0,风景名胜,4.8,厦门市,118.093828,24.473704,00:00,23:59,90,592
B0FFFZ5L0I,万石山国家重点风景名胜区,中山公园地铁站4号口步行460米,0,风景名胜,4.8,厦门市,118.09392,24.4537,06:30,18:00,180,592
B0250043IH,中山公园,公园南路(中山公园地铁站3A口旁),0,风景名胜,4.8,厦门市,118.090076,24.459187,00:00,23:59,90,592
B025003YAE,仙岳公园,怡鹭大厦对面,0,风景名胜,4.7,厦门市,118.103428,24.49814,07:00,19:00,90,592
B02500SK4B,钟鼓索道,虎园路25-110号,70,风景名胜,4.7,厦门市,118.094162,24.452775,08:30,17:30,60,592
B0FFFS3STT,钢琴码头,鼓浪屿风景区鹿礁路6号之2号,0,风景名胜,4.7,厦门市,118.073285,24.446325,07:00,23:00,30,592
B0FFF0DUAW,白城沙滩,大学路,0,风景名胜,4.8,厦门市,118.102892,24.432104,00:00,23:59,90,592
B0LR06KXCI,厦门人民会堂广场,白鹭洲路与筼筜路交叉口北160米,0,风景名胜,3.7,厦门市,118.089879,24.477355,,,45,592
B0250043MY,鸿山公园,思明南路331号,0,风景名胜,4.7,厦门市,118.086731,24.447105,00:00,23:59,90,592
B0250043NC,南湖公园,湖光路7-21号,0,风景名胜,4.7,厦门市,118.106958,24.478255,07:00,21:00,90,592
B0250045AI,日光岩,晃岩路62-64号,50,风景名胜,4.7,厦门市,118.064542,24.441312,,,90,592
B0HRKRH4X0,海滨公园,鹭江街道鹭江道,0,风景名胜,4.6,厦门市,118.072188,24.456511,00:00,23:59,90,592
B0HK94XSHB,沙坡尾,厦港街道大学路与民族路交叉口东南120米,0,风景名胜,4.7,厦门市,118.088167,24.439087,00:00,23:59,90,592
B0250043LJ,湖里公园,湖里工业区牛公岭山麓华泰路32号,0,风景名胜,4.7,厦门市,118.106398,24.504475,00:00,23:59,90,592
B0FFJD93NA,鼓浪屿管风琴艺术中心,鼓浪屿街道三明路1-4号(和记洋行货栈遗址旁),50,风景名胜,4.8,厦门市,118.068862,24.448408,,,60,592
B02500V28J,筼筜湖,筼筜街道湖滨中路白鹭洲站旁,0,风景名胜,4.7,厦门市,118.094224,24.475764,00:00,23:59,90,592
B025000E32,金榜公园,厦禾路与金榜路交叉口西南200米,0,风景名胜,4.8,厦门市,118.114878,24.462593,00:00,23:59,90,592
B02500SK3O,郑成功巨型石雕像,皓月园内,0,风景名胜,4.7,厦门市,118.076761,24.441288,00:00,23:59,30,592
B025000BC5,胡里山炮台,曾厝垵路2号,50,风景名胜,4.7,厦门市,118.106383,24.429475,,,90,592
B025000C50,厦门海底世界,鼓浪屿龙头路2号(轮渡码头西面),120,风景名胜,4.2,厦门市,118.071246,24.446142,,,90,592
B02500SK5R,厦门市动物园,公园东路与白鹤路交叉口西100米,80,风景名胜,4.5,厦门市,118.091659,24.460466,08:00,17:30,180,592
B025004CYN,厦门五一广场,仙岳路396-398号,0,风景名胜,4.8,厦门市,118.111252,24.490664,00:00,23:59,60,592
B0FFK88PR9,厦门白鹭洲公园西公园,白鹭洲路565号白鹭洲公园内,0,风景名胜,4.4,厦门市,118.089333,24.472813,00:00,23:59,90,592
B025000BCA,港仔后海滨沙滩,鼓声路附近,0,风景名胜,4.6,厦门市,118.066849,24.439277,00:00,23:59,120,592
B0FFHJ45UE,上李水库公园,龙虎山路866-868号,0,风景名胜,4.9,厦门市,118.129083,24.443876,06:00,19:00,90,592
B025003Y1L,厦门经济特区纪念馆,兴隆路23号,0,风景名胜,,厦门市,118.097351,24.509006,09:00,17:30,90,592
B0250043J7,椰风寨,环岛南路4567-22号,0,风景名胜,4.8,厦门市,118.161867,24.442613,00:00,23:59,90,592
B02500SJOY,东坪山公园,云顶岩路与金鸡南路交叉处,0,风景名胜,4.8,厦门市,118.144139,24.456507,00:00,23:59,120,592
B02500USLM,鹭江夜游,鹭江道3-116号和平码头海上旅游集散中心,180,风景名胜,4.4,厦门市,118.07733,24.450051,19:00,21:30,150,592
B025004995,惠和石文化园,吕岭路忠仑社148号(蔡塘地铁站1号口步行390米),80,风景名胜,4.6,厦门市,118.151343,24.487245,08:30,17:30,90,592
B03530OZ78,观山湖公园,观山大桥南北两侧,0,风景名胜,4.7,贵阳市,106.638004,26.639578,06:00,22:00,90,851
B0FFGA9K5C,贵阳市观山湖公园民族大联欢广场,观山大桥观山湖公园,0,风景名胜,4.8,贵阳市,106.638034,26.637924,00:00,23:59,60,851
B0FFHJ9Y2M,泉湖公园,云峰大道142号,0,风景名胜,4.7,贵阳市,106.618317,26.671771,00:00,23:59,90,851
B03530OT3N,西普陀寺,云峰大道龙井路8号(泉湖公园地铁站A口步行400米),0,风景名胜,4.9,贵阳市,106.620969,26.670373,09:00,18:00,90,851
B0FFG69JQY,阅山湖公园,云潭北路与观山西路交叉口,0,风景名胜,4.7,贵阳市,106.600927,26.639906,00:00,23:59,90,851
B0FFFEFNMH,贵阳喀斯特公园,石林东路与金阳南路交叉口,0,风景名胜,4.6,贵阳市,106.616838,26.616218,09:00,21:00,90,851
B035300E96,长坡岭国家森林公园,艳山红镇,0,风景名胜,4.7,贵阳市,106.671875,26.655154,09:00,17:00,180,851
B0FFFE4XKQ,贵阳国际会议展览中心-北广场,中街与1号路交汇处北200米,0,风景名胜,4.6,贵阳市,106.646524,26.644668,00:00,23:59,60,851
B035301NFU,甲秀楼,翠微巷8号,0,风景名胜,4.7,贵阳市,106.719721,26.571358,09:00,20:00,60,851
B0FFF5QOF6,东林寺,金朱东路(东林公园北侧约50米),30,风景名胜,4.6,贵阳市,106.638313,26.655067,09:00,17:00,60,851
B0FFJINIU6,东林公园,金朱东路恒大中央公园B区11号12号门面西南方向160米,0,风景名胜,4.3,贵阳市,106.637845,26.653347,00:00,23:59,60,851
B0353035BU,观山湖民族广场,林城东路9号,0,风景名胜,4.4,贵阳市,106.628429,26.640835,00:00,23:59,60,851
B035300FSN,河滨公园,瑞金南路31号,0,风景名胜,4.8,贵阳市,106.70607,26.568276,07:00,22:00,90,851
B0FFKTGTBZ,贵阳市行政中心广场,林城东路贵阳市政府,0,风景名胜,3.9,贵阳市,106.628124,26.64626,00:00,23:59,60,851
B0FFGA0MD4,凭水临风,观山湖公园(西南角),0,风景名胜,4.5,贵阳市,106.63186,26.63609,00:00,23:59,45,851
B0FFM5W44I,七彩湖公园,铝建路与同心路交汇处,0,风景名胜,4.7,贵阳市,106.646757,26.680966,07:00,22:00,90,851
B0FFKJTW0O,观山湖区双拥公园,金岭南街与将军山路交叉口西南200米,0,风景名胜,4.5,贵阳市,106.611686,26.655263,00:00,23:59,60,851
B0FFJ2NUYU,黔灵山公园-贵阳大熊猫馆,黔灵山公园动物园(东北角),50,风景名胜,4.6,贵阳市,106.698172,26.600886,10:00,17:00,90,851
B03530P3L7,弘福寺,枣山路187号,30,风景名胜,4.7,贵阳市,106.69193,26.593629,08:30,17:00,90,851
B0FFFGLV23,文昌阁,文昌街8号,0,风景名胜,4.7,贵阳市,106.719288,26.57869,09:00,18:00,60,851
B0FFKK41AI,白鹭湖湿地公园,金岭社区服务中心金岭社区服务中心交勘院100号,0,风景名胜,4.3,贵阳市,106.652826,26.61771,,,90,851
B03530OWFX,花果园湿地公园,花果园大街1号,0,风景名胜,4.7,贵阳市,106.687582,26.566334,00:00,23:59,60,851
B0FFH6UNUE,东山寺,栖霞路17号附2号(省人民医院地铁站C口步行220米),0,风景名胜,4.9,贵阳市,106.727618,26.578084,08:00,18:00,90,851
B035301UE7,天主堂,陕西路166号,0,风景名胜,4.7,贵阳市,106.713394,26.58994,09:00,16:30,45,851
B0FFFSPCI2,贵阳阿哈湖国家湿地公园,延安南路,0,风景名胜,4.6,贵阳市,106.646496,26.539331,00:00,23:59,180,851
B035302O4C,鹿冲关森林公园,盐沙大道附近,0,风景名胜,4.7,贵阳市,106.70478,26.624455,07:00,18:00,120,851
B0FFJ634CL,云楼,泉湖公园南大门(泉湖公园地铁站A口步行350米),0,风景名胜,4.5,贵阳市,106.618472,26.669907,,,45,851
B035300KST,大十字广场,延中社区服务中心中华中路4号,0,风景名胜,4.8,贵阳市,106.711656,26.578459,08:00,21:30,60,851
B0K2SN2NHS,天籁九州,黔灵山路266号,80,风景名胜,4.2,贵阳市,106.647526,26.610563,,,90,851
B0K0BROGY6,观山湖区口袋花园,金阳街道奥兴路,0,风景名胜,4.6,贵阳市,106.611137,26.619121,11:30,24:00,45,851
B035300A51,花溪公园,花溪大道南段3108号,0,风景名胜,4.8,贵阳市,106.67221,26.433012,00:00,23:59,120,851
B0FFHSFLU0,赛点体育公园,金朱西路新世界酒店对面,80,风景名胜,4.4,贵阳市,106.612916,26.65458,08:00,22:00,120,851
B035301XB4,阳明祠,东山路15号,0,风景名胜,4.7,贵阳市,106.725742,26.583645,09:00,18:00,60,851
B0HG04TX91,法治文化广场,金阳北路2号,0,风景名胜,4.4,贵阳市,106.62411,26.639906,00:00,23:59,45,851
B03530P9KZ,多彩贵州城,龙洞堡老里坡1号,120,风景名胜,4.6,贵阳市,106.789304,26.52904,09:00,22:30,180,851
B0JR2MCPYU,生机之塔,G4202成都绕城高速与濯锦立交桥交叉口北120米,0,风景名胜,4.8,成都市,104.070337,30.566902,10:00,22:00,45,28
B0FFG86UMF,锦城公园,益州大道北段1666号,0,风景名胜,4.8,成都市,104.052308,30.570449,00:00,23:59,90,28
B0FFHUHA9B,交子公园,天府大道北段,0,风景名胜,4.7,成都市,104.072828,30.582568,09:00,19:00,90,28
B001C937OI,铁像寺水街,铁像寺路88号,120,风景名胜,4.8,成都市,104.049709,30.5575,00:00,23:59,180,28
B0FFH0US9N,桂溪生态公园,天府一街附近,0,风景名胜,4.7,成都市,104.067314,30.563054,00:00,23:59,90,28
B0K2D9EUZC,双子塔夜景打卡点,交子大道与益州大道北段交叉口东40米,0,风景名胜,4.7,成都市,104.060512,30.582369,,,45,28
B0JDDUTR9Y,天府绿道,益州大道中段694号,0,风景名胜,4.8,成都市,104.076812,30.56275,00:00,23:59,90,28
B0FFL812HL,中和湿地公园,朝阳横街北50米,0,风景名胜,4.6,成都市,104.095422,30.565879,00:00,23:59,90,28
B001C8OPDK,大源中央公园,成都高新区天府二街777号(大源地铁站D口旁),0,风景名胜,4.7,成都市,104.049182,30.549059,08:00,22:00,90,28
B0FFH0FKW3,成都江滩公园,世纪城路,0,风景名胜,4.6,成都市,104.080905,30.555514,07:00,17:00,90,28
B0FFI3DJZT,桂溪生态公园西区,天府一街桂溪生态公园(西侧),0,风景名胜,4.6,成都市,104.062735,30.562903,10:00,22:00,90,28
B001C05319,铁像寺,铁像寺路66号,0,风景名胜,4.9,成都市,104.049006,30.557092,09:00,16:30,60,28
B001C7WGEA,东湖公园,二环路东五段301号(东湖公园地铁站A口旁),0,风景名胜,4.7,成都市,104.087899,30.616051,00:00,23:59,90,28
B0LUFZXACI,环球中心东广场,锦悦西路与天府大道北段辅路交叉口西南380米,0,风景名胜,4.1,成都市,104.065771,30.569188,,,45,28
B0FFL8CB0N,桂溪生态公园东区,世纪城东路9号(四川电视台对面),0,风景名胜,4.6,成都市,104.073417,30.563249,00:00,23:59,90,28
B001C06R0O,望江楼公园,望江路30号,0,风景名胜,4.7,成都市,104.092217,30.629277,09:00,18:00,90,28
B0FFH6Y6QZ,三圣花乡旅游区,成龙路三环路外侧(近三圣街道办事处),80,风景名胜,4.6,成都市,104.135882,30.571666,00:00,23:59,180,28
B0I03UX74F,成都SKP中央大台阶,天府大道1600号(锦城广场东地铁站A口步行80米),0,风景名胜,4.5,成都市,104.069616,30.568953,,,45,28
B001C7X8QA,人民公园,小南街8号(人民公园地铁站B口步行240米),40,风景名胜,4.8,成都市,104.057641,30.65699,06:30,22:00,90,28
B001C7WEYU,天府广场,人民南路一段86号(天府广场地铁站出入口步行50米),0,风景名胜,4.8,成都市,104.065861,30.657401,00:00,23:59,45,28
B0FFH9V82Y,锦城湖2号湖区,锦城大道1333号锦城湖内(东侧),0,风景名胜,4.8,成都市,104.043112,30.574282,00:00,23:59,90,28
B001C805MI,海合安成都极地海洋公园,天府新区海洋路68号,180,风景名胜,4.7,成都市,104.073287,30.49487,,,240,28
B0HU1ABMSW,锦江公园,锦江大道与科华南路辅路交叉口东140米,0,风景名胜,4.5,成都市,104.079753,30.588508,,,90,28
B0FFF3AE8H,白鹭湾湿地公园,湿地路,0,风景名胜,4.7,成都市,104.136926,30.568151,00:00,23:59,120,28
B0FFFODZ7F,南湖公园,华阳街道南湖北路与南湖东路交叉路口东北角,0,风景名胜,4.7,成都市,104.047924,30.499433,06:00,22:00,90,28
B001C95DFT,基督教光音堂,天府一街888号,0,风景名胜,4.7,成都市,104.049037,30.56084,09:00,17:00,60,28
B0FFGAZRYB,锦城湖4号公园,锦城湖立交附近,0,风景名胜,4.6,成都市,104.051545,30.565324,09:00,20:00,90,28
B001C7YD1J,水井坊锦江体育公园,委党校斜对面,0,风景名胜,4.7,成都市,104.112881,30.59777,09:00,22:00,90,28
B001C06JG0,塔子山公园,迎晖路222号(塔子山公园地铁站D口步行280米),0,风景名胜,4.7,成都市,104.124023,30.6344,08:00,22:00,90,28
B001C7Y8P2,和平社区广场,天仁北一街与天和路交汇处西北50米,0,风景名胜,4.6,成都市,104.073147,30.603539,00:00,23:59,45,28
B0FFI3Z26N,月牙湖,桂溪街道吉庆一路与吉瑞一路交汇处东南角,0,风景名胜,4.4,成都市,104.059049,30.557341,00:00,23:59,60,28
B0FFIS0UIR,天府芙蓉园,簇马路一段69号,80,风景名胜,4.5,成都市,103.985809,30.591603,09:00,22:00,180,28
B0FFGB50GC,西蜀廊桥古镇,桂溪街道成都市高新区世纪城路166号附280号,80,风景名胜,4.1,成都市,104.072992,30.558344,05:00,21:00,180,28
B0FFF58NXV,锦城广场,天府大道北段1656号,0,风景名胜,4.5,成都市,104.068,30.56891,00:00,23:59,60,28
B00157917M,上海人民广场,人民大道185号,0,风景名胜,4.8,上海市,121.475213,31.228827,00:00,23:59,60,21
B00155MF55,上海豫园,福佑路168号,60,风景名胜,4.8,上海市,121.492497,31.227714,,,150,21
B0GKOS77AU,上海四行仓库抗战纪念馆,光复路21号(曲阜路地铁站2号口步行300米),0,风景名胜,4.8,上海市,121.471104,31.24034,09:00,12:00,90,21
B00155FHOA,上海城隍庙,方浜中路249号,50,风景名胜,4.7,上海市,121.492466,31.225879,08:30,16:30,90,21
B00154QFBG,中国共产党第一次全国代表大会会址纪念馆,黄陂南路374号,0,风景名胜,4.8,上海市,121.475249,31.220151,,,90,21
B00154BDE9,静安寺,南京西路1686号(静安寺地铁站1号口步行60米),50,风景名胜,4.4,上海市,121.44532,31.223505,07:30,18:00,90,21
B00155M168,福州路文化街,福州路,80,风景名胜,4.7,上海市,121.482638,31.233826,,,90,21
B00155IL1T,外白渡桥,北苏州路111号,0,风景名胜,4.8,上海市,121.49006,31.242896,,,30,21
B0KRUMW5DW,和平饭店南楼,南京东路与中山东一路交叉口西南80米,0,风景名胜,4.8,上海市,121.489317,31.238605,09:00,21:00,30,21
B00155IM05,上海文化广场,茂名南路178号(陕西南路地铁站6号口步行390米),0,风景名胜,4.8,上海市,121.462196,31.211941,10:00,19:00,60,21
B00155KKCG,静安雕塑公园,石门二路128号(近北京西路)(自然博物馆地铁站1号口旁),0,风景名胜,4.8,上海市,121.463871,31.234819,08:30,17:00,90,21
B001559PZQ,上海海洋水族馆,陆家嘴环路1388号,160,风景名胜,4.6,上海市,121.501894,31.240777,09:00,18:00,120,21
B00156NZVG,北外滩滨江绿地,东大名路558-678,0,风景名胜,4.9,上海市,121.499372,31.247461,00:00,23:59,90,21
B0FFG8YEO4,北外滩国客中心,东大名路500号(国际客运中心地铁站出入口步行410米),0,风景名胜,4.8,上海市,121.500758,31.247719,06:00,22:00,90,21
B00155R1B1,玉佛禅寺,安远路170号,50,风景名胜,4.9,上海市,121.445125,31.241445,08:00,16:30,90,21
B0FFF7M0EA,乍浦路桥,乍浦路与南苏州路交叉口北40米,0,风景名胜,4.9,上海市,121.487653,31.243871,00:00,23:59,30,21
B00156GXQ1,中共四大纪念馆,四川北路1468号(四川北路地铁站1号口步行320米),0,风景名胜,4.5,上海市,121.484916,31.254995,,,90,21
B001556HRR,大韩民国临时政府旧址,马当路306弄4号,0,风景名胜,4.8,上海市,121.474625,31.217351,09:00,11:30,60,21
B00155HNA3,辅德里公园,大沽路379号(南京西路地铁站8号口步行490米),0,风景名胜,4.8,上海市,121.466665,31.224808,00:00,23:59,45,21
B0FFF6XTM4,世纪广场(南京路步行街),南京东路587号(南京东路地铁站4号口步行300米),0,风景名胜,4.8,上海市,121.479688,31.235308,00:00,23:59,45,21
B0K13H0H4P,上海市上海四行倉庫,光复路与西藏北路辅路交叉口西60米,0,风景名胜,,上海市,121.471164,31.240292,,,90,21
B0K675BSVK,北外滩滨江绿地小巨蛋,东大名路558-678北外滩滨江绿地(西南角),0,风景名胜,4.8,上海市,121.497835,31.246664,00:00,23:59,60,21
B001533722,滨江大道,陆家嘴西路2967号,0,风景名胜,4.8,上海市,121.495962,31.2367,00:00,23:59,90,21
B00155G6WO,外滩-陈毅广场,中山东一路外滩内(北侧),0,风景名胜,4.8,上海市,121.49039,31.238992,00:00,23:59,45,21
B0FFIK0Z21,武康路历史文化名街,湖南路街道武康路与湖南路交叉口,0,风景名胜,4.8,上海市,121.43993,31.207255,00:00,23:59,90,21
B0FFFS173H,上海M50创意园,莫干山路50号,80,风景名胜,4.7,上海市,121.449361,31.248101,08:00,22:00,120,21
B0FFG4F6H2,上海音乐谷,辽宁路46号(海伦路地铁站2号口步行370米),0,风景名胜,4.8,上海市,121.490308,31.256064,09:00,17:00,90,21
B00151E2D4,东方明珠旅游码头,滨江大道2852号,180,风景名胜,4.8,上海市,121.496971,31.240659,11:00,21:30,90,21
B001557POD,上海市人民英雄纪念塔,中山东一路475号黄浦公园(近黄浦公园),0,风景名胜,4.7,上海市,121.491409,31.242287,09:00,17:00,45,21
B00155CAZU,中共二大会址纪念馆,老成都北路7弄30号,0,风景名胜,4.0,上海市,121.466693,31.224193,,,90,21
B0FFG8YDKK,天安门-城楼,东长安街天安门(天安门东地铁站A西北入口步行290米),15,风景名胜,4.8,北京市,116.397488,39.908717,08:30,17:00,90,10
B000A7I1OL,景山公园,景山西街44号,10,风景名胜,4.8,北京市,116.396551,39.925875,,,90,10
B000A80UL1,北海公园,文津街1号,20,风景名胜,4.9,北京市,116.391802,39.928775,06:00,21:00,120,10
B000A7O5PK,什刹海,地安门西大街49号,0,风景名胜,4.9,北京市,116.385121,39.941893,00:00,23:59,180,10
B000A645D9,恭王府博物馆,前海西街17号,80,风景名胜,4.8,北京市,116.386315,39.937222,08:30,16:00,180,10
B000A7BGMG,雍和宫,雍和宫大街28号(雍和宫地铁站F东南口步行250米),50,风景名胜,4.9,北京市,116.417296,39.947239,09:00,16:30,120,10
B000A9PISW,紫禁城神武门,景山前街4号北京故宫博物馆,60,风景名胜,4.3,北京市,116.396786,39.922305,08:30,16:30,45,10
B000A843UD,天坛公园-祈年殿,天坛街道天坛东路甲1号天坛公园内,45,风景名胜,4.8,北京市,116.412867,39.883659,08:00,22:00,90,10
B0FFG6VF81,正阳门箭楼,前门大街2号前门商业区A2地块,0,风景名胜,4.9,北京市,116.39791,39.899368,09:00,17:00,45,10
B000A7C9EW,日坛公园,朝外街道朝阳门外日坛北路6号,0,风景名胜,4.8,北京市,116.443795,39.915538,05:30,22:00,90,10
B000A3DC9D,东单公园,崇文门内大街9号(东单地铁站H西南口步行380米),0,风景名胜,4.6,北京市,116.41709,39.904917,06:00,21:30,60,10
B0FFH05QQ3,正阳门,前门大街北端(前门地铁站A东北口步行90米),40,风景名胜,4.8,北京市,116.398021,39.900505,09:00,17:00,60,10
B0FFFS33G2,鼓楼,钟楼湾胡同临字9号(什刹海地铁站A2西北口步行240米),20,风景名胜,4.8,北京市,116.395937,39.940781,09:30,16:30,60,10
B000A81FMM,地坛公园,安定门外大街,10,风景名胜,4.8,北京市,116.414443,39.953777,,,90,10
B000A4D500,陶然亭公园,太平街19号,40,风景名胜,4.8,北京市,116.381921,39.874496,,,120,10
B000A84ZLN,北京东交民巷使馆建筑群,崇文门东交民巷(崇文门地铁站A1西北口步行290米),0,风景名胜,4.6,北京市,116.41262,39.901299,,,60,10
B000A87KTH,北京明城墙遗址公园,崇文门东大街9号,0,风景名胜,4.7,北京市,116.427901,39.901264,08:30,17:00,90,10
B000A7AB8D,龙潭中湖公园,左安门内大街19号,0,风景名胜,4.8,北京市,116.432072,39.876755,06:00,22:00,90,10
B000A7CPAO,龙潭公园,龙潭路16号,0,风景名胜,4.8,北京市,116.438258,39.879792,06:00,22:00,90,10
B000A7L60X,老舍故居,灯市口西街丰富胡同19号,0,风景名胜,5.0,北京市,116.408367,39.91863,,,60,10
B0FFFAK3R4,敕建火德真君庙,地安门外大街77号(什刹海地铁站C口马路对面),0,风景名胜,4.8,北京市,116.395569,39.937013,09:00,17:30,45,10
B000A7HRB1,北大红楼,五四大街29号,0,风景名胜,4.9,北京市,116.405361,39.92471,09:00,17:00,90,10
B0FFIVN0IJ,西华门,景山前街4号故宫博物院内(西南角),0,风景名胜,,北京市,116.3928,39.914872,00:00,23:59,30,10
B000A7H0F3,妙应寺白塔,阜成门内大街171号,20,风景名胜,4.7,北京市,116.363365,39.924848,,,90,10
B000A7B211,人民英雄纪念碑,天安门广场(长安街中心),0,风景名胜,,北京市,116.397691,39.904632,00:00,23:59,30,10
B0IRFH663O,青岛奥帆海洋文化旅游区,清远路1号,120,风景名胜,4.8,青岛市,120.3905,36.060279,00:00,23:59,180,532
B0FFGYXTMC,海滨风景区,东海西路24号,0,风景名胜,4.9,青岛市,120.342207,36.058089,00:00,23:59,180,532
B02140VX1X,奥林匹克帆船中心·奥帆海洋文化旅游区,澳门路86号奥帆中心,80,风景名胜,4.8,青岛市,120.395063,36.054643,00:00,23:59,180,532
B0HAH6G4QH,情人坝,珠海路街道金湾路7号,0,风景名胜,4.9,青岛市,120.390288,36.052388,00:00,23:59,60,532
B0214024B5,青岛湛山寺,芝泉路2号,50,风景名胜,4.9,青岛市,120.36449,36.064978,09:00,16:00,90,532
B0IRYZ9JWT,太平山中央公园,太平山景区内,0,风景名胜,4.5,青岛市,120.357684,36.067606,,,90,532
B02140YTF1,燕儿岛智慧公园,珠海路街道澳门路138号,0,风景名胜,4.9,青岛市,120.40571,36.055267,00:00,23:59,90,532
B0214023A3,青岛中山公园,八大关街道文登路26号,0,风景名胜,4.9,青岛市,120.350415,36.064394,00:00,23:59,90,532
B02140VQ9E,青岛太平角公园,湛山路8号,0,风景名胜,4.9,青岛市,120.360265,36.053038,00:00,23:59,90,532
B021402990,青岛市音乐广场,澳门路12号(近五四广场),0,风景名胜,4.8,青岛市,120.381085,36.058383,00:00,23:59,60,532
B021406QLD,中山公园太平山观光索道,太平山路1号,80,风景名胜,4.7,青岛市,120.357501,36.067958,08:30,19:30,60,532
B021406QHK,青岛动物园,延安一路102号(近中山公园),20,风景名胜,4.8,青岛市,120.34996,36.069562,,,180,532
B0214068JZ,青岛电视塔,太平山路1号,120,风景名胜,4.8,青岛市,120.355368,36.06907,08:30,21:00,90,532
B021406XPT,小鱼山,八大关街道福山支路24号,0,风景名胜,4.9,青岛市,120.336558,36.058765,,,90,532
B021401767,信号山公园,龙山路16号甲,20,风景名胜,4.8,青岛市,120.331561,36.066446,06:00,20:30,90,532
B0214024BB,榉林公园,龙潭路西100米,0,风景名胜,4.7,青岛市,120.356988,36.070487,00:00,23:59,90,532
B0KGOCNEFE,宫崎骏漫画街,龙江路与黄县路交叉口西南20米,0,风景名胜,4.7,青岛市,120.331135,36.063232,00:00,23:59,45,532
B0HGKRJIIT,海之恋Park,东海东路与海兴路交叉口,0,风景名胜,4.9,青岛市,120.434592,36.065361,00:00,23:59,90,532
B021406VEX,鲁迅公园,琴屿路1号,0,风景名胜,4.9,青岛市,120.333117,36.055007,00:00,23:59,90,532
B0214024B3,花石楼,黄海路18号,15,风景名胜,4.7,青岛市,120.353492,36.050238,08:30,17:00,60,532
B0FFJM27WR,青岛网红墙,大学路与龙口路交叉口(人民会堂地铁站B口步行170米),0,风景名胜,4.7,青岛市,120.331631,36.061402,00:00,23:59,30,532
B0FFF3IWZ5,天主教青岛教区圣弥厄尔主教座堂天主堂,浙江路14号,0,风景名胜,4.8,青岛市,120.320588,36.068143,08:30,18:00,45,532
B0HRY5F2V0,青岛云上海天,湛山街道香港西路48号海天中心T2塔楼80层,120,风景名胜,4.7,青岛市,120.369799,36.056747,09:00,21:00,90,532
B0FFF9W8HQ,银海大世界,东海中路30号(近银都花园),120,风景名胜,4.7,青岛市,120.422801,36.057818,09:00,18:00,180,532
B0FFHUE4WT,假日海滩,观潮路与东海中路交叉口东南220米,50,风景名胜,4.8,青岛市,120.40785,36.055542,,,180,532
B0HRGA76S9,燕岛山公园,青岛奥帆中心景区东侧,0,风景名胜,4.8,青岛市,120.396421,36.053777,,,60,532
B02140Y9V7,浮山森林公园,宁德路,0,风景名胜,4.8,青岛市,120.433328,36.08929,00:00,23:59,120,532
B0214017D2,青岛德国总督楼旧址博物馆,龙山路26号(信号山青大附院地铁站B2口步行190米),20,风景名胜,4.8,青岛市,120.332953,36.064939,,,90,532
B0214069MY,小青岛公园,琴屿路26号,40,风景名胜,4.9,青岛市,120.323783,36.053098,,,90,532
B02140YTCK,比利时领事馆旧址,太平角一路21号(太平角公园地铁站B口步行480米),0,风景名胜,4.6,青岛市,120.36036,36.050459,08:30,24:00,45,532
B0FFH0F7SK,八大别墅区-蝴蝶楼,山海关路21号,40,风景名胜,4.6,青岛市,120.345998,36.049924,08:30,17:30,60,532
B0GRYZSVLP,奥帆帆码头,奥林匹克帆船中心·奥帆海洋文化旅游区(西北角),120,风景名胜,4.7,青岛市,120.391207,36.059595,,,90,532
B0FFK9HPUA,青岛浮山湾灯光秀,湛山街道浮山湾,0,风景名胜,4.3,青岛市,120.380684,36.057758,,,60,532
B0214019EC,汇泉广场,文登路1号(汇泉广场地铁站B口步行390米),0,风景名胜,4.7,青岛市,120.345606,36.058387,00:00,23:59,60,532
B0FFK4IHIB,巴公房子,大智街办事处洞庭街73号,0,风景名胜,4.7,武汉市,114.299831,30.586141,10:30,16:00,45,27
B0FFGCIG85,汉口江滩,江滩大道1号,0,风景名胜,4.8,武汉市,114.319404,30.610162,05:00,23:00,90,27
B0FFIPHLDP,咸安坊,江汉路地铁站D口步行480米,0,风景名胜,4.7,武汉市,114.295924,30.582745,,,45,27
B001B0IPSG,武昌江滩,临江大道247号,0,风景名胜,4.9,武汉市,114.323074,30.588254,06:00,23:00,90,27
B001B0IZT0,解放公园,解放大道1861号,0,风景名胜,4.9,武汉市,114.298029,30.608418,07:00,22:00,90,27
B001B1IGH4,古德寺,工农兵路24号,20,风景名胜,4.9,武汉市,114.307288,30.618717,,,90,27
B0FFIAYWZP,吉庆民俗街,大智街街道中山大道677号(大智路口),50,风景名胜,4.5,武汉市,114.294004,30.585602,08:00,02:00,90,27
B0FFGJA77F,江汉关大楼,民生路与花楼街交叉口东100米,0,风景名胜,4.8,武汉市,114.297393,30.576071,09:00,17:00,60,27
B0FFIPHJND,武汉江滩,江滩大道汉口江滩(西南角),0,风景名胜,4.7,武汉市,114.304232,30.585612,,,90,27
B001B1FOKC,汉口江滩三阳广场,三阳路30号,0,风景名胜,4.7,武汉市,114.308102,30.595627,00:00,23:59,60,27
B001B00022,中山公园,解放大道1265号(中山公园地铁站D口步行80米),0,风景名胜,4.8,武汉市,114.271559,30.58665,06:30,21:30,90,27
B001B0II5Z,汉口江滩2期,江滩大道1号汉口江滩,0,风景名胜,4.8,武汉市,114.312401,30.599736,14:30,17:00,90,27
B0FFHTU92U,汉口江滩-观江台,一元街街道蔡锷路和沿江大道交叉口对面汉口江滩内(西南角),0,风景名胜,4.8,武汉市,114.301715,30.581687,,,60,27
B0JK3A8C0X,江汉关钟楼,花楼街道沿江大道129号,0,风景名胜,4.9,武汉市,114.297482,30.576294,09:00,17:00,45,27
B001B1H7IS,昙华林,粮道街道胭脂路仁济医院西侧,0,风景名胜,4.8,武汉市,114.308779,30.551939,00:00,23:59,90,27
B0JR6LSDQ0,汉口德国领事馆旧址,沿江大道188号,0,风景名胜,4.0,武汉市,114.304796,30.592672,,,45,27
B001B00024,八·七会议会址,,0,风景名胜,3.0,武汉市,114.299904,30.586637,,,60,27
B001B0IZ9U,晴川阁,洗马长街86号,40,风景名胜,4.7,武汉市,114.284786,30.555551,,,90,27
B0LGL5DG9X,纵横体育公园,澳门路34号(三阳路地铁站F口步行170米),0,风景名胜,4.8,武汉市,114.298421,30.600648,07:00,22:00,90,27
B0J1HM9INJ,铁机路江滩灯塔,临江大道725号,0,风景名胜,4.8,武汉市,114.338215,30.607527,,,45,27
B0FFGCE847,八七会议会址纪念馆,一元街街道一元街办事处鄱阳街139号,0,风景名胜,,武汉市,114.299762,30.586469,09:00,17:00,90,27
B001B1BY45,武汉江滩1期(沿江大道),汉口沿江大道,0,风景名胜,4.7,武汉市,114.303944,30.586283,00:00,23:59,90,27
B001B1CFHO,宋庆龄汉口旧居纪念馆,沿江大道162号,0,风景名胜,4.5,武汉市,114.302333,30.586486,09:00,16:00,60,27
B001B05205,龟山风景区,晴川街道龟山北路5号,0,风景名胜,4.8,武汉市,114.275205,30.555057,07:00,19:00,120,27
B0FFFTCZ46,汉口江滩-黄浦门,江滩大道1号汉口江滩(西南角),0,风景名胜,4.8,武汉市,114.315383,30.607927,,,90,27
B001B1GN28,南岸嘴江滩公园,晴川大道南岸嘴沿江(晴川桥),0,风景名胜,4.8,武汉市,114.287373,30.561142,00:00,23:59,90,27
B001B1ASKL,平和打包厂旧址,青岛路10号,0,风景名胜,4.7,武汉市,114.297772,30.582585,09:00,20:00,60,27
B0IGXALGAU,长江荣耀号游船,武汉港23号码头(武汉科技馆2层背后出口),180,风景名胜,4.6,武汉市,114.30112,30.580278,10:30,23:00,90,27
B0FFFTB9XN,八路军武汉办事处旧址纪念馆,长春街57号(黄浦路地铁站A口步行350米),0,风景名胜,4.5,武汉市,114.309403,30.606152,09:00,17:00,90,27
B001B1C9CL,沙湖公园,徐家棚街沙湖大道139号,0,风景名胜,4.8,武汉市,114.351107,30.572224,08:30,19:00,90,27
B001B19J3D,洪山广场,水果湖街街道水果湖街办事处中北路特1号,0,风景名胜,4.7,武汉市,114.337088,30.545068,00:00,23:59,60,27
B0FFGWGJ7H,中共中央机关旧址,胜利街165号,0,风景名胜,4.7,武汉市,114.298431,30.587918,09:00,17:00,60,27
B001B0IZN4,宝岛公园,台北二路,0,风景名胜,4.7,武汉市,114.284332,30.597736,06:00,22:00,90,27
B001B0INQD,汉阳江滩,滨江大道15号,0,风景名胜,4.8,武汉市,114.280399,30.547316,00:00,23:59,90,27
B017B030FA,隋唐城遗址植物园,王城大道281号,40,风景名胜,4.7,洛阳市,112.448335,34.635398,06:00,22:00,180,379
B017B01HYF,体育公园,开元大道(体育中心地铁站A1口步行260米),0,风景名胜,4.7,洛阳市,112.435579,34.620466,00:00,23:59,90,379
B017B01ONY,关林景区,关林镇关林南街2号,50,风景名胜,4.7,洛阳市,112.483366,34.607419,08:30,18:00,90,379
B0G0DY5IZX,从政坊游园,聂泰路(隋唐城遗址植物园东侧约250米),0,风景名胜,4.8,洛阳市,112.457846,34.634196,06:00,22:00,90,379
B0KD5UXNKQ,神都十三坊,古城路辅路与龙门大道辅路交叉口东南220米,80,风景名胜,4.5,洛阳市,112.474474,34.629233,,,90,379
B0LANMV3E0,应天门,定鼎南路29号,50,风景名胜,4.8,洛阳市,112.460767,34.67608,,,90,379
B017B01IDB,洛阳龙门海洋馆,龙门大道782号,120,风景名胜,4.6,洛阳市,112.474132,34.591869,,,90,379
B0H64SGHXJ,洛阳大河荟,金城寨街与通衢路交叉口东南200米,80,风景名胜,4.6,洛阳市,112.450074,34.59337,09:00,23:00,180,379
B017B00D61,洛浦公园,豫博路1号,0,风景名胜,4.8,洛阳市,112.423453,34.63269,00:00,23:59,90,379
B017B0OWGA,隋唐洛阳城国家遗址公园,定鼎路与中州路交汇处(应天门地铁站C2口步行220米),80,风景名胜,4.6,洛阳市,112.460318,34.679369,,,180,379
B0JRLS7LG4,洛阳城市阳台,御博路与滨河北路交叉口东北260米,0,风景名胜,4.7,洛阳市,112.45016,34.66115,00:00,23:59,60,379
B017B01HZJ,中国国花园,龙门大道2号(洛阳桥南),40,风景名胜,4.7,洛阳市,112.458202,34.655431,06:00,21:00,90,379
B0IKKHV40A,寻迹洛神赋,金城寨街与站前西路东北角3号楼,180,风景名胜,4.4,洛阳市,112.449632,34.593552,,,90,379
B017B00FD8,王城公园,中州中路312号,40,风景名胜,4.8,洛阳市,112.421575,34.666822,06:00,22:00,120,379
B0FFJP5LF8,文博体育公园,滨河南路(文博园地铁站A口步行310米),0,风景名胜,4.4,洛阳市,112.443892,34.644295,00:00,23:59,90,379
B0FFGXBMMI,开元湖健康主题公园,开元大道与长兴街交叉口西南100米,0,风景名胜,4.7,洛阳市,112.457309,34.617594,00:00,23:59,60,379
B017B02MM7,丽景门景区,西门口街与金业路交叉口东,50,风景名胜,4.8,洛阳市,112.471252,34.680899,08:30,22:00,120,379
B0FFLJ2IIY,隋唐洛阳城九洲池遗址,唐宫中路与宫隅路交叉口西150米,80,风景名胜,4.7,洛阳市,112.452953,34.680963,,,120,379
B0HKOHI3AW,明堂天堂景区,唐宫路毛线市场对面(应天门地铁站C2口步行200米),120,风景名胜,4.7,洛阳市,112.460139,34.680089,09:00,21:30,180,379
B017B02660,上阳宫文化园,王城路街道上阳路28号,40,风景名胜,4.6,洛阳市,112.426562,34.645919,08:00,22:00,90,379
B0FFLK0S0X,应天门北广场,西关街道定鼎南路与中州中路交叉口,0,风景名胜,4.8,洛阳市,112.460685,34.677643,00:00,23:59,60,379
B0FFJ4A5JF,兴洛湖公园,兴洛西街与关林路交叉口东南200米,0,风景名胜,4.8,洛阳市,112.455214,34.603179,00:00,23:59,90,379
B0FFGG6NXI,中国薰衣草庄园,韩马线北50米,80,风景名胜,3.7,洛阳市,112.51464,34.601359,09:00,18:00,120,379
B017B01I1B,西苑公园,南昌路口北,0,风景名胜,4.9,洛阳市,112.406739,34.65077,06:00,21:00,90,379
B017B00LC5,牡丹广场,江西路与西苑路交叉口东100米,0,风景名胜,4.7,洛阳市,112.396831,34.656708,00:00,23:59,60,379
B0FFKCC0R8,伊水游园,三川大道与伊洛路交叉口东北400米,0,风景名胜,4.6,洛阳市,112.504142,34.608817,00:00,23:59,90,379
B0IAG7CWNZ,牡丹阁景区,龙门镇龙缘路与神韵路交叉口,80,风景名胜,4.6,洛阳市,112.453747,34.576165,,,120,379
B017B0OMG7,周山森林公园,周王陵路,0,风景名胜,4.8,洛阳市,112.385176,34.624946,00:00,23:59,90,379
B017B02G5U,周王城广场,人民西路6号(周王城广场地铁站A1口旁),0,风景名胜,4.8,洛阳市,112.444618,34.671369,00:00,23:59,60,379
B017B01HX2,牡丹宫,北新街与西一街交叉口向西270米路北,40,风景名胜,4.5,洛阳市,112.486704,34.641791,08:00,18:00,90,379
B017B0PF8C,凤翔温泉,王城大道南端张沟南,180,风景名胜,4.5,洛阳市,112.456447,34.553238,10:00,22:00,240,379
B0FFLK0W1Z,应天门南广场,定鼎南路23号隋唐洛阳城应天门遗址博物馆,0,风景名胜,4.8,洛阳市,112.461273,34.675428,00:00,23:59,60,379
B0FFFA0BMA,开元湖音乐喷泉,开元湖健康主题公园内(西侧),0,风景名胜,3.6,洛阳市,112.454259,34.617427,,,45,379
B0G33BUC1V,大同坊游园,聂泰路,0,风景名胜,4.6,洛阳市,112.458734,34.638442,00:00,23:59,45,379
B017B02EXV,青年宫广场,中州东路369号(青年宫地铁站C口步行270米),0,风景名胜,4.8,洛阳市,112.48111,34.685121,09:00,00:15,45,379
