accommodation_id,accommodation_name,accommodation_address,accommodation_type,city_name,avg_price,rating,feature_hotel_type,longitude,latitude,citycode
B0017091IQ,洪崖洞大酒店,沧白路56号洪崖洞天成巷洪崖洞民俗风貌区6-11层,四星级酒店,重庆市,480,4.5,"四星级酒店,亲子时刻",106.579753,29.562438,23
B0G17DVKT5,维也纳国际酒店(重庆北站店),泰山大道东段58号B区5-1至5-25,商务酒店,重庆市,320,4.7,商务酒店,106.550288,29.603943,23
B0FFLOOWVY,汉庭酒店(重庆西站站前广场店),凤中路168号渝铁3号楼附5号,经济型连锁酒店,重庆市,160,4.6,经济型,106.43768,29.503191,23
B001790ZEH,如家商旅酒店(重庆解放碑洪崖洞步行街店),沧白路52号(洪崖洞千厮门大桥旁),经济型连锁酒店,重庆市,220,4.6,商务酒店,106.580853,29.562624,23
B0GK35UJV5,维也纳国际酒店(南川区万达广场店),隆化大道文体路16号滨湖公馆,酒店,重庆市,320,4.9,舒适型,107.083092,29.162074,23
B0KU3HE7YB,你好酒店(重庆解放碑步行街店),新华路337号(小什字地铁站5A口步行490米),酒店,重庆市,220,4.8,舒适型,106.579308,29.554484,23
B0FFIRJ6Q3,维也纳国际酒店(重庆冉家坝店),龙山街道松石大道469号时光城2幢,四星级酒店,重庆市,380,4.6,高档型,106.491806,29.580047,23
B0FFLJPFDR,丽枫酒店(重庆解放碑步行街洪崖洞店),五一路99号协信星光妙塘F3层,商务酒店,重庆市,320,4.7,商务酒店,106.58104,29.558571,23
B0GKO58UZ3,重庆五登酒店(南坪步行街店),万寿路18号,酒店,重庆市,420,4.7,高档型,106.561351,29.526878,23
B0H6CZYYWT,维也纳酒店(重庆西站广场店),凤中路168号渝铁2号楼附6号,酒店,重庆市,320,4.4,舒适型,106.437185,29.505805,23
B001702EB9,银河大酒店(重庆解放碑中心店),大同路49号,四星级酒店,重庆市,380,4.5,"四星级酒店,会议酒店",106.573134,29.556884,23
B00190CTXY,南京香樟华苹酒店,汤山街道温泉路12号,酒店,南京市,3800,4.8,"豪华型,亲子时刻",119.048501,32.044482,25
B001906NWK,湖滨金陵饭店,佳湖东路8号,经济型连锁酒店,南京市,850,4.8,"豪华型,休闲度假",118.81704,31.939989,25
B0FFGZZNE9,南京隽恒酒店,西康路1号,酒店,南京市,480,4.7,豪华型,118.763078,32.054438,25
B0FFFA019K,南京金奥国际酒店,江东中路333号(元通地铁站5号口步行370米),五星级酒店,南京市,1200,4.7,"豪华型,亲子时刻",118.724743,31.998041,25
B0FFGH9O3F,南京景枫万豪酒店,双龙大道1519号(百家湖地铁站2号口步行480米),五星级酒店,南京市,850,4.6,五星级酒店,118.822252,31.936716,25
B0FFFAP2LA,南京国际青年会议酒店,邺城路8号,五星级酒店,南京市,850,4.8,豪华型,118.708546,31.990599,25
B00190BBW7,城市名人酒店,中山北路30号,五星级酒店,南京市,550,4.2,"豪华型,亲子时刻",118.780814,32.062664,25
B001909VEA,明发珍珠泉大酒店,珍珠街178-1号,五星级酒店,南京市,480,4.8,"五星级酒店,亲子时刻",118.662326,32.119729,25
B00190BB39,紫金山庄,环陵路18号,五星级酒店,南京市,1200,4.8,"豪华型,亲子时刻",118.878091,32.075008,25
B0JB9PWFWL,塔酥文德民宿(海珠广场店),文德南路14号,酒店,广州市,220,4.2,民宿,113.272922,23.116028,20
B023D0S23K,且客酒店(南湖店),城南路993号中纬大厦1层,经济型连锁酒店,嘉兴市,150,4.3,经济型,120.736534,30.739911,573
B0KK7NJT9U,梦幻海宿,观波路阳光城翡丽海岸2期7幢2309室,酒店,厦门市,180,4.5,民宿,118.136097,24.611111,592
B0FFFUE880,fc club尚悠海陆空俱乐部,观音山梦幻海岸度假区沙滩B区1号,度假村,厦门市,450,3.9,水上活动中心,118.199313,24.489549,592
B02500S4JO,悦庭酒店(七星路店),仙岳路228-232号共和大厦B栋,酒店,厦门市,220,4.2,经济型,118.09736,24.488393,592
B0FFHHGCEY,e佳连锁酒店(厦门总店),湖滨南路富山女人街815号之1二楼,快捷酒店,厦门市,120,4.0,"快捷酒店,商旅住宿",118.118982,24.477283,592
B025004LL9,7天优品酒店(厦门机场店),枋湖北三里68号(湖里创新园地铁站2号口步行340米),经济型连锁酒店,厦门市,150,4.6,"经济型,7天特惠",118.15543,24.520488,592
B0G0P9IOI7,7天优品酒店(厦门机场翔鹭店),长虹路198号寨上2组10号综合楼,经济型连锁酒店,厦门市,150,4.1,"经济型,7天特惠",118.102725,24.522775,592
B0I2VG47WP,曼可连锁酒店(厦门中山路眼科医院店),禾祥西路8号之16联邦广场礼品城,酒店,厦门市,150,4.3,经济型,118.081286,24.463176,592
B0FFFBVJD3,爱丁堡连锁酒店(厦门会展中心岭兜地铁站店),前埔路501号(岭兜地铁站4号口步行440米),经济型连锁酒店,厦门市,160,4.0,舒适型,118.172437,24.481332,592
B0J6V7COQF,广州北京路步行街美居酒店,北京路182号(北京路地铁站B口步行370米),酒店,广州市,450,4.6,高档型,113.269414,23.120706,20
B0K11RTT6H,广州北京路步行街金立轻居,北京路182号10F(北京路地铁站B口步行400米),酒店,广州市,380,4.7,高档型,113.26968,23.120696,20
B0K2SH6XV9,广州北京路步行街公园前地铁站宜致美居酒店,解放北路537号距离公园前地铁站330米,酒店,广州市,420,4.9,高档型,113.261982,23.126415,20
B00141R4NP,到啦精品主题酒店(广州中华广场店),东华西路90号(三角市公交站旁),酒店,广州市,150,4.5,汽车旅馆,113.280112,23.12204,20
B0J137O33M,怡嘉精品酒店(大石地铁站店),富石路164号,快捷酒店,广州市,220,4.6,快捷酒店,113.311349,23.023029,20
B0FFLKHQRL,景园玖玖精品酒店(广州体育职业技术学院店),长兴路299号,商务酒店,广州市,320,4.6,商务酒店,113.361502,23.1678,20
B00140TD74,全美精品酒店,麓景路113号,三星级酒店,广州市,220,4.4,经济型,113.278206,23.144365,20
B0FFH0EMR2,凯顺精品酒店(中山四路店),中山四路116号(地铁1号线农讲所站D出口旁),酒店,广州市,220,4.3,经济型,113.274723,23.126722,20
B0G0VZK4UL,广星精品酒店(广州白云站五号停机坪广场店),岗贝路19号广星广场B座1楼,酒店,广州市,160,4.4,经济型,113.255014,23.180663,20
B00140MM76,翔龙精品酒店,秀全大道10号,三星级酒店,广州市,220,4.4,经济型,113.207004,23.376815,20
B00140W8RD,广州聚星精品酒店(京溪南方医院地铁站店),广州大道北1833号,快捷酒店,广州市,220,4.2,快捷酒店,113.327415,23.188753,20
B00140W7EL,粤海喜来登酒店,天河路208号体育西路与天河路交汇处,五星级酒店,广州市,1200,4.7,"豪华型,购物便捷",113.322188,23.132699,20
B001403F95,华厦大酒店(海珠广场店),侨光路8号,四星级酒店,广州市,450,4.5,"四星级酒店,休闲度假",113.267782,23.114979,20
B0FFF5XKDI,三亚亚特兰蒂斯酒店,海棠北路36号,酒店,三亚市,2800,4.7,豪华型,109.744974,18.357051,899
B03830NIEH,三亚太阳湾柏悦酒店,亚龙湾国际度假区太阳湾路5号,五星级酒店,三亚市,4200,4.8,"豪华型,亲子酒店",109.611215,18.189247,899
B03830MOX7,三亚海棠湾九号度假酒店,江林路海棠湾9号,五星级酒店,三亚市,1200,4.8,豪华型,109.721495,18.29017,899
B0383004JB,三亚亚龙湾天域度假酒店,"海滨亚龙湾国家旅游度假区亚龙湾中心广场旁,近爱立方滨海乐园",五星级酒店,三亚市,1200,4.8,"豪华型,极致美景",109.641802,18.229857,899
B03830MO6A,三亚海韵度假酒店,三亚湾路168号,五星级酒店,三亚市,850,4.7,"豪华型,亲子时刻",109.444114,18.287541,899
B0383017RK,三亚美高梅度假酒店,龙海路17号,五星级酒店,三亚市,1800,4.5,豪华型,109.63584,18.228371,899
B0FFIF1CN5,三亚康年酒店,三亚湾路189号,酒店,三亚市,850,4.8,豪华型,109.439066,18.288428,899
B03830MO7S,三亚湾假日度假酒店,三亚湾海坡度假区207号,五星级酒店,三亚市,850,4.8,豪华型,109.408322,18.290229,899
B03830MO5R,三亚珊瑚湾文华东方酒店,榆海路12号,五星级酒店,三亚市,4200,4.8,"豪华型,亲子酒店",109.537475,18.211076,899
B0IRM1OPSI,三亚天丽湾凯悦酒店,凤凰片桶井路699号,酒店,三亚市,1200,4.8,豪华型,109.363442,18.291946,899
B038300ZLG,三亚国光豪生度假酒店,三亚湾路188号,五星级酒店,三亚市,850,4.7,"五星级酒店,极致美景",109.442153,18.288467,899
B0383004JC,三亚喜来登度假酒店,亚龙湾国家旅游度假区龙海路19号,五星级酒店,三亚市,1200,4.7,"五星级酒店,极致美景",109.633095,18.227453,899
B0LACRIA4O,沙面岛复式LOFT,民治大街与庙前直街交叉口西北20米,招待所,广州市,180,,"住宿服务,旅馆招待所,旅馆招待所",113.237025,23.096875,20
B00140B6K6,花园酒店,环市东路368号,五星级酒店,广州市,850,4.5,"五星级酒店,贴心服务",113.286321,23.135096,20
B001408FA1,长隆酒店,汉溪大道东299号,五星级酒店,广州市,1500,4.7,"豪华型,亲子时刻",113.327692,23.001591,20
B00140K3N3,广州香格里拉大酒店,会展东路1号(琶洲地铁站E口步行230米),五星级酒店,广州市,1200,4.7,"五星级酒店,亲子时刻",113.370172,23.10273,20
B0G1YHUG11,广州黄埔君澜酒店,温涧路129号,五星级酒店,广州市,850,4.6,五星级酒店,113.528898,23.221267,20
B00141YIG7,广州朗豪酒店,新港东路638号,五星级酒店,广州市,1200,4.6,五星级酒店,113.359973,23.096932,20
B0FFHOKXMW,广州南沙花园酒店,大角二路1号,五星级酒店,广州市,1200,4.6,"豪华型,亲子酒店",113.617129,22.749116,20
B0FFFRHN6O,丽柏国际酒店,龙口东横街28号(岗顶地铁站A口步行300米),五星级酒店,广州市,650,4.5,"高档型,休闲度假",113.339244,23.136736,20
B0FFLB76H3,广州卓美亚酒店,珠江东路12号(花城大道地铁站A口步行410米),酒店,广州市,1800,4.8,度假酒店,113.327292,23.119498,20
B0FFKKP7VR,洲至奢选广州香岚官洲酒店,广州国际生物岛星岛环南路1号,酒店,广州市,1200,4.6,豪华型,113.386779,23.073722,20
B023B1D1X1,慧泰酒店(杭州西湖大道店),清泰街486号,经济型连锁酒店,杭州市,160,4.6,经济型,120.17374,30.24743,571
B0FFM9SW28,杭州景宏酒店(火车东站店),景昙路141号,酒店,杭州市,150,4.0,经济型,120.203484,30.270064,571
B0FFFZJPMR,如家精选酒店(杭州西湖苏堤虎跑路店),虎跑路四眼井118号(少年儿童公园正对面),经济型连锁酒店,杭州市,220,4.3,商务酒店,120.13653,30.21577,571
B0FFLCR7TJ,如家快捷酒店(杭州火车东站艮山西路店),艮山西路184号(宏丽宾馆旁边近秋涛北路),经济型连锁酒店,杭州市,160,4.7,快捷酒店,120.198081,30.276691,571
B023B1D2IY,杭州多晶快捷酒店(南宋御街店),中山中路193-1号(定安路地铁站D口步行350米),酒店,杭州市,150,4.3,经济型,120.170587,30.244138,571
B023B16BPY,念杭精品酒店,金鸡岭路6号(近一号线城站地铁站、浙二医院),酒店,杭州市,220,4.5,经济型,120.178106,30.248092,571
B0I33UXQ5E,杭州元季酒店(滨江西兴地铁站店),西兴街道固陵路64号1号楼111-901,酒店,杭州市,160,4.6,经济型,120.227637,30.19092,571
B0FFF3619F,如家精选酒店(杭州四季青钱江新城双菱路店),双菱路69号(庆菱路地铁站A1口步行230米),经济型连锁酒店,杭州市,220,4.7,经济型,120.195252,30.258214,571
B0HA57PIFA,骏怡连锁酒店(杭州拱宸桥东地铁站运河上街店),衢州街41号(拱宸桥东地铁站B口直走100米),酒店,杭州市,150,4.4,经济型,120.145507,30.31667,571
B023B084LZ,彩枫精品酒店(西湖定安路地铁站店),定安路47号(定安路地铁站B出口附近),招待所,杭州市,220,4.3,经济型,120.166189,30.246389,571
B02001DLAL,鼎盛精品酒店(盘门景区店),盘胥路747号新市桥码头对面,四星级酒店,苏州市,420,4.3,商务酒店,120.610889,31.291098,512
B0FFKOJOEX,桔子酒店(苏州观前街店),景德路26-64号,经济型连锁酒店,苏州市,320,4.4,舒适型,120.620359,31.311183,512
B0FFJKCCMC,苏州亿豪精品酒店,观前街乐桥地铁站店(7号出口)调丰巷17-23号,酒店,苏州市,150,3.0,经济型,120.624967,31.307882,512
B0FFFMGY6I,祥云精品酒店(汽车南站店),天灵路25-4号,招待所,苏州市,120,3.8,经济型,120.647242,31.244667,512
B0J25MR8FJ,和悦精品酒店(苏州阳澄湖中路陆慕古巷地铁站店),紫玉坊6幢(陆慕古巷地铁站4号口步行120米),酒店,苏州市,150,4.2,经济型,120.61907,31.363419,512
B0FFKFN33Y,名尚精品酒店(苏州火车站店),锦荷街56号(近苏州火车站北广场、拙政园),酒店,苏州市,160,4.5,经济型,120.620716,31.334401,512
B0FFHGWSLZ,格兰精品酒店(苏州娄葑店),娄葑街道南摆宴街苏港大厦111号(苏州银行对面),酒店,苏州市,150,4.2,经济型,120.662524,31.287279,512
B0HR698P6Y,格兰精品酒店(苏州苏大附中店),娄葑北摆宴街1幢18号(娄葑地铁站3号口步行170米),酒店,苏州市,150,3.9,经济型,120.663363,31.289451,512
B0FFFVYSP3,优然精品酒店,花港路亨通路交叉口,酒店,苏州市,150,3.5,经济型,120.652127,31.206661,512
B0FFI0N0LX,苏州喜福缘精品酒店,碧波街107号,酒店,苏州市,150,3.7,经济型,120.632443,31.25622,512
B0H25KKC74,您好酒店,钦州路777号甲(近华石路),快捷酒店,上海市,220,4.7,快捷酒店,121.428575,31.177191,21
B0FFKNVSO0,智尚酒店(虹桥路店),虹桥路409号,酒店,上海市,220,4.6,经济型,121.429407,31.193826,21
B00155F13C,莫泰酒店,江宁路街道昌平路459号,经济型连锁酒店,上海市,220,4.4,经济型,121.44642,31.235695,21
B0FFJKZDSD,上海朴园酒店,龙茗路1764号,酒店,上海市,320,4.6,舒适型,121.38259,31.155304,21
B0FFG43AV2,博克·轻奢酒店(上海北外滩店),惠民路596号,三星级酒店,上海市,150,2.7,旅馆,121.519844,31.257336,21
B0G3MHXYWV,上海君澜度假酒店,六灶镇周祝公路2511号,酒店,上海市,1200,4.5,豪华型,121.705009,31.118277,21
B0FFJ5AZ97,宝泰商务酒店(上海吴淞国际邮轮码头店),淞宝路421号,酒店,上海市,160,4.4,经济型,121.502172,31.384769,21
B0L62CVAU5,怀梦Dream Harbor酒店(上海国际旅游度假区店),鹿达路111号4幢,酒店,上海市,380,4.6,"住宿服务,宾馆酒店,宾馆酒店",121.682242,31.103329,21
B00156F2UU,如家商旅酒店(上海漕河泾柳州路店),柳州路427号,经济型连锁酒店,上海市,320,4.6,舒适型,121.424957,31.169285,21
B0H0CLYJ2I,维也纳3好酒店(深圳前海宝安中心欢乐港湾摩天轮店),新安街道海滨社区N10区熙龙湾花园二期5栋A座海秀路13一31,快捷酒店,深圳市,320,4.7,快捷酒店,113.892909,22.545852,755
B0H1BRJH8E,深圳前海宝安中心希尔顿惠庭酒店,蓝湾海岸大厦2栋201,酒店,深圳市,550,4.4,高档型,113.866383,22.557833,755
B0KDGAH9DS,尖沙咀酒店(紫金城店),桂城街道佛平三路5号(夏西地铁站A口步行430米),酒店,佛山市,220,4.5,粤菜,113.16881,23.036763,757
B00140TB17,汉庭酒店(广州天河店),天河路97-99号汉庭广场10层,经济型连锁酒店,广州市,220,4.5,经济型,113.319031,23.134192,20
B00140U8L8,锦江之星(广州荔湾西华路彩虹桥地铁站店),西华路77号(彩虹桥地铁站D口步行160米),经济型连锁酒店,广州市,220,4.9,经济型,113.244248,23.134013,20
B0FFLK7SJY,山水时尚酒店(广州黄埔东路大沙东地铁站店),黄埔东路727号,经济型连锁酒店,广州市,220,4.6,"快捷酒店,亲子时刻",113.462486,23.100863,20
B00141ZD88,城市便捷酒店(广州大石地铁站动物园总店),大石镇富石路300号,经济型连锁酒店,广州市,160,4.9,经济型,113.313381,23.018152,20
B0JG9S2KAR,麗枫酒店(广州南沙店),创汇谷直三街1号,酒店,广州市,320,4.9,连锁酒店,113.552291,22.795797,20
B0IUX9K699,汉庭酒店(广州白云机场人和地铁站店),"人和镇人和大街13号,近地铁3号线人和站C2出口",酒店,广州市,160,4.8,经济型,113.300825,23.331269,20
B0J2U72KNM,广州琶洲会展广州塔地铁站轻居酒店,艺苑路211号2楼(广州塔地铁站B口步行250米),快捷酒店,广州市,220,4.8,快捷酒店,113.323128,23.103771,20
B0G2MHX4L4,汉庭酒店(广州东圃中山大道店),中山大道中1025号5-6楼,快捷酒店,广州市,220,4.7,快捷酒店,113.417813,23.119142,20
B0FFKP09Q3,汉庭酒店(兴南大道店),兴南大道733号城业国际大厦A栋1F层,酒店,广州市,160,4.8,经济型,113.381034,23.010338,20
B0FFG89QW7,城市便捷酒店(广州麓苑路淘金地铁站店),麓苑路36号,经济型连锁酒店,广州市,160,4.6,经济型,113.285155,23.140622,20
B02141160R,金凤凰花园酒店(青岛金沙滩啤酒城店),金沙滩路902号,五星级酒店,青岛市,480,4.5,舒适型,120.2434,35.957795,532
B0I2PZ9UOR,青岛银沙美墅度假酒店,连三岛路与陇西山路交叉口东80米,酒店,青岛市,420,4.6,舒适型,120.200214,35.916751,532
B001911LA7,寒舍精品酒店(长乐路店),许家巷39号(三山街地铁站出入口步行290米),酒店,南京市,220,4.0,经济型,118.782251,32.020313,25
B0IGCXK453,凯旋门中讯(新都汇店),解放路与汉屯路交汇处,三星级酒店,洛阳市,280,4.8,"中餐,地方菜",112.433928,34.673999,379
B0HK07HUJF,山东健康丽呈睿轩青岛栈桥酒店,安徽路2号,三星级酒店,青岛市,380,4.7,三星级酒店,120.321099,36.062989,532
B0FFF2HQZH,南京圣和府邸豪华精选酒店,长江路300号圣和广场,五星级酒店,南京市,1200,4.7,"豪华型,休闲度假",118.799127,32.042836,25
B00190Z6T2,易佰良品酒店(南京迈皋桥地铁店),经五路合作村91-84号,经济型连锁酒店,南京市,120,4.2,经济型,118.834643,32.109693,25
B0JR9UF6SM,爱电竞酒店(南京迈皋桥晓庄地铁站店),燕子矶街道和燕路349号01栋1层,酒店,南京市,220,3.8,电竞酒店,118.816197,32.115625,25
B0FFIV15VE,全季酒店(南京明故宫店),"御道街12号(地铁2号线明故宫站3号口,午朝门公园旁)",酒店,南京市,290,4.6,舒适型,118.816114,32.037103,25
B00154DV7G,西郊宾馆,虹桥路1921号,五星级酒店,上海市,4800,4.7,"豪华型,亲子酒店",121.378031,31.202047,21
B00155R3GX,东郊宾馆,金科路1800号,五星级酒店,上海市,1200,4.8,"豪华型,亲子酒店",121.594622,31.22374,21
B00154DVNN,上海兴国宾馆丽笙精选,兴国路78号,五星级酒店,上海市,1200,4.9,五星级酒店,121.434515,31.209305,21
B00155NID8,上海瑞金洲际酒店,瑞金二路118号,五星级酒店,上海市,1200,4.7,"五星级酒店,天天特价",121.463932,31.213131,21
B00154028E,上海建国宾馆,漕溪北路439号,四星级酒店,上海市,550,4.5,四星级酒店,121.438168,31.189751,21
B00156ODTB,蓝天宾馆,黄兴路2200号,四星级酒店,上海市,680,4.7,豪华型,121.5171,31.298435,21
B00155FQ9C,远洋宾馆,东大名路1171号,五星级酒店,上海市,650,4.5,"四星级酒店,会议酒店",121.51013,31.252544,21
B0FFLC6FOO,上海东湖宾馆,东湖路70号,五星级酒店,上海市,1200,4.8,"高档型,休闲度假",121.453635,31.216809,21
B001571HA9,东湖宾馆·悠选,东湖路7号,四星级酒店,上海市,850,4.7,高档型,121.454121,31.215994,21
B00155ISCI,南郊宾馆,南桥新城展园路398号,五星级酒店,上海市,850,4.6,"五星级酒店,亲子时刻",121.48357,30.924715,21
B02000K1G7,金鸡湖大酒店,苏州工业园区国宾路168号,五星级酒店,苏州市,1200,4.7,"五星级酒店,亲子酒店",120.711065,31.283847,512
B0FFGCS07N,成都首座万豪酒店,天府大道北段999号,五星级酒店,成都市,850,4.6,"豪华型,疫情轨迹点",104.06969,30.58667,28
B001C04CBB,四川锦江宾馆,人民南路二段80号(锦江宾馆地铁站B口步行160米),五星级酒店,成都市,850,4.7,"五星级酒店,购物便捷",104.064637,30.648438,28
B001C06HJJ,成都香格里拉大酒店,滨江东路9号,五星级酒店,成都市,1200,4.6,"五星级酒店,购物便捷",104.085831,30.643208,28
B0FFHS81J9,成都龙之梦大酒店,龙门山路(成都东站东广场旁),五星级酒店,成都市,850,4.5,豪华型,104.144628,30.6297,28
B0FFHC4TO3,成都温江皇冠假日酒店,凤凰北大街619号,五星级酒店,成都市,850,4.6,豪华型,103.890047,30.685983,28
B0FFKOFJ24,成都W酒店,交子大道300号,酒店,成都市,1500,4.8,豪华型,104.054987,30.583171,28
B001C7WA5B,成都瑞城名人酒店,人民中路二段68号,四星级酒店,成都市,480,4.6,"四星级酒店,亲子时刻",104.065696,30.670045,28
B0J01723QU,成都天府皇冠假日酒店,剑南大道南段669号52栋,商务酒店,成都市,850,4.6,商务酒店,104.047689,30.532796,28
B0I1N5AYFL,天府国际大酒店,东部新区草池街道八月路99号,酒店,成都市,480,4.4,高档型,104.433981,30.357724,28
B001C7WER3,城市名人酒店,人民南路一段122-124号,五星级酒店,成都市,550,4.5,"五星级酒店,亲子时刻",104.065444,30.654173,28
B0JRCP5G1W,沧浪亭旅舍,沧浪亭街后2号(南门地铁站3号东北口步行430米),招待所,苏州市,120,,旅馆,120.62668,31.294347,512
B0FFG72NIQ,锦江之星酒店(北京五棵松店),西四环中路77号,经济型连锁酒店,北京市,220,4.6,经济型,116.272523,39.894233,10
B0KASLN84F,奥维斯酒店(应天门店),七一南路38号附1号,酒店,洛阳市,220,4.8,舒适型,112.451298,34.665052,379
B02001G2AT,苏州凯悦酒店,苏州工业园区华池街88号,五星级酒店,苏州市,1200,4.8,"商务酒店,亲子时刻",120.713629,31.324068,512
B0FFG80YYR,苏州希尔顿酒店,苏州大道东275号(南施街地铁站2号口步行110米),五星级酒店,苏州市,850,4.5,"豪华型,亲子时刻",120.734806,31.324121,512
B02000IEH8,苏州万豪酒店,干将西路1296号,五星级酒店,苏州市,850,4.5,"豪华型,亲子时刻",120.582714,31.303585,512
B02000ISJ0,汉庭优佳酒店(苏州观前街乐桥地铁站店),人民路1264、1266号,酒店,苏州市,220,4.9,经济型,120.622266,31.307948,512
B020001485,全季酒店(苏州观前街平江路店),临顿路落瓜桥下塘66号,四星级酒店,苏州市,320,4.5,舒适型,120.629425,31.310146,512
B0FFGW1XVN,苏州汇融广场假日酒店,城际路21号,五星级酒店,苏州市,550,4.8,高档型,120.527752,31.372374,512
B0G1BZ8P2U,苏州火车站北广场博乐诗亚朵酒店,苏站路1398号A座6F、19F-27F,酒店,苏州市,380,4.6,高档型,120.61179,31.332902,512
B0I21MM7AL,苏州LBED精选酒店(观前街平江路店),人民路1547号(察院场地铁站4东北口步行240米),酒店,苏州市,320,4.8,舒适型,120.620346,31.314324,512
B0JGVA7ZE6,苏州相城活力岛地铁站亚朵X酒店,元和街道织锦路158号,酒店,苏州市,420,4.9,高档型,120.603353,31.377082,512
B0IR3UK3JF,漫际酒店(苏州龙湖东吴天街石湖东路地铁站店),澄湖路19号,酒店,苏州市,420,4.9,高档型,120.630706,31.241118,512
B0JKU7LWN0,喜岸·大明宫酒店,北大街安喜门1号楼,酒店,洛阳市,150,5.0,经济型,112.478223,34.691079,379
B0FFLNRC0F,洛阳安喜水韻温泉假日酒店(丽景门十字街店),北大街安喜门东侧1-3幢,酒店,洛阳市,220,3.9,经济型,112.478854,34.690459,379
B0K2MLTMSH,希岸酒店(洛阳十字街洛邑古城店),马道街169号安喜门3-4层,酒店,洛阳市,220,4.7,"住宿服务,宾馆酒店,宾馆酒店",112.478291,34.691033,379
B0H1ORVCTH,朋克精品酒店(洛阳龙门高铁宝龙广场店),开元大道219号宝龙城市广场A座1层,酒店,洛阳市,220,4.5,电竞酒店,112.464503,34.617378,379
B0FFJLZ23T,洛克精品酒店(洛阳龙门高铁站店),长兴街与香山路交叉口向南(绿都塞纳春天三期03-02-108),酒店,洛阳市,150,4.1,经济型,112.459962,34.601415,379
B0HAFOXX9C,麒麟精品酒店(洛阳宝龙广场店),宝龙广场三期c4栋,酒店,洛阳市,220,,"住宿服务,宾馆酒店,宾馆酒店",112.468755,34.617053,379
B017B0PNEI,正阳精品酒店(洛邑古城店),启明东路254号,酒店,洛阳市,150,4.7,旅馆,112.505473,34.696008,379
B0FFKDG185,洛阳七曜精品酒店(龙门高铁站店),绿都·塞纳春天西门南90米,酒店,洛阳市,150,4.4,经济型,112.460061,34.600003,379
B0FFJSURDY,隆晟精品酒店(北郊机场店),麻屯镇建业路55号,商务酒店,洛阳市,160,4.9,商务酒店,112.370724,34.737932,379
B0JR7HKDRF,唐悦精品酒店,新街中州路口东北角观景苑二楼,酒店,洛阳市,150,4.8,经济型,112.488079,34.685554,379
B0FFGRESOQ,洛阳军庭精品酒店(龙门高铁站宝龙广场店),展览路与定鼎门街交叉口宝龙三期D座一楼大厅,酒店,洛阳市,220,4.8,主题酒店,112.469015,34.61558,379
B0G0ACV1UK,全悦精品酒店(洛阳龙门高铁站正大国际广场店),长兴街与太康路交汇处东北角龙泰C区1号商铺,酒店,洛阳市,160,4.5,经济型,112.458003,34.624772,379
B0LBP9EVWF,天街驿精品酒店(龙门大道店),河南省洛阳市洛龙区龙门大道大杨树东300米(安东社区隔壁),酒店,洛阳市,150,4.7,经济型,112.475576,34.64893,379
B001790EYW,重庆解放碑威斯汀酒店,新华路222号(小什字地铁站5A口步行190米),五星级酒店,重庆市,1200,4.8,"豪华型,购物便捷",106.579986,29.556856,23
B0KB659JGO,重庆解放碑嘉遇酒店,民生路283号重庆宾馆商务大厦F1层,酒店,重庆市,480,4.9,高档型,106.570153,29.557183,23
B0J3XC4YDC,那伽酒店(解放路分店),解放路698号,快捷酒店,三亚市,220,4.7,快捷酒店,109.503102,18.259178,899
B0FFHXY0ZT,东升快捷商务酒店(金鸡岭公园店),河东路480号,三星级酒店,三亚市,150,3.8,"经济型,低价实惠",109.497394,18.276853,899
B0KUR9TTT0,艺龙酒店(三亚湾店),解放路726号,酒店,三亚市,450,4.9,高档型,109.503057,18.260057,899
B0GK6ZQ1LC,洛阳万豪酒店,展览路219号(开元湖地铁站C口步行350米),酒店,洛阳市,480,4.6,"住宿服务,宾馆酒店,宾馆酒店",112.451477,34.613615,379
B0FFKFM8TC,洛阳国宝铂瑞酒店,开元大道与王城大道交叉口西南角(国宝大厦),酒店,洛阳市,650,4.8,豪华型,112.437493,34.616178,379
B0HGYZWCBT,全季酒店(洛阳市政府店),定鼎门街与开元大道交叉口宝龙广场三期C2栋,经济型连锁酒店,洛阳市,220,4.8,舒适型,112.468761,34.617889,379
B0FFJAGZHU,全季酒店(洛阳龙门站店),厚载门街306号绿都塞纳春天独栋商业楼2-4层,经济型连锁酒店,洛阳市,260,4.8,舒适型,112.461484,34.601907,379
B0FFLA4UE3,维也纳酒店(洛阳龙门高铁站店),通衢路与永泰街交叉口(龙门高铁站旁),三星级酒店,洛阳市,320,4.7,商务酒店,112.45131,34.595486,379
B0FFKIZJ7O,洛阳华美达酒店,金谷园路76号,四星级酒店,洛阳市,480,4.7,豪华型,112.440087,34.678489,379
B0GR3SJL4Z,洛阳龙门高铁站市政府亚朵酒店,通济街51号(市民之家地铁站B口步行420米),酒店,洛阳市,380,4.7,高档型,112.443634,34.614371,379
B017B01OXR,栾川县伊水湾大酒店,栾川乡伊水路2号,五星级酒店,洛阳市,480,4.9,"豪华型,休闲度假",111.633623,33.781557,379
B0FFFXJ19N,全季酒店(洛阳万达广场店),黄河路8号(七里河地铁站A口步行200米),经济型连锁酒店,洛阳市,260,4.8,"舒适型,复式LOFT",112.413284,34.659884,379
B0FFIQCK4W,维也纳智好酒店(洛阳开元大道店),开元大道20号开元大道与长夏门街交叉口交叉口东50米开元壹号对面,酒店,洛阳市,220,4.7,舒适型,112.49612,34.62115,379
B03830NQPA,三亚蜈支洲岛珊瑚酒店,海棠湾林旺镇蜈支洲岛,酒店,三亚市,1200,4.7,"豪华型,亲子时刻",109.761766,18.312333,899
B0FFLM2Y2F,北京舍得精品酒店(北京南站木樨园地铁站店),南三环中路67号,商务酒店,北京市,320,4.1,商务酒店,116.409058,39.858647,10
B0FFH9VRO7,北京天赐庭院精品酒店,中鲜鱼巷10号(北京站地铁站A西北口步行220米),酒店,北京市,220,2.8,经济型,116.423944,39.904959,10
B0JU4CGUDY,辰益精品酒店(北京西站店),太平桥西34号楼(六里桥东地铁站D西南口步行370米),酒店,北京市,220,4.4,经济型,116.314011,39.883666,10
B0LADH6YRG,鸿禧仙踪精品酒店,板厂胡同18号对面(南锣鼓巷地铁站E西北口步行440米),酒店,北京市,480,4.3,"住宿服务,宾馆酒店,宾馆酒店",116.406732,39.935009,10
B000A4A32D,北京金顺精品酒店,煤市街施家胡同32号,酒店,北京市,220,4.3,经济型,116.394994,39.893897,10
B0I17MRP06,悠悠精品酒店(北京回龙观龙泽地铁站店),回龙观龙泽苑综合楼北配楼(龙泽地铁站A北口步行340米),酒店,北京市,220,4.7,"住宿服务,住宿服务相关,住宿服务相关",116.318121,40.072035,10
B0FFIY1Q1W,北京庆缘精品酒店(回龙观龙泽地铁站店),回龙观新龙城小区6号楼西侧(龙泽地铁站A北口步行450米),快捷酒店,北京市,150,2.9,快捷酒店,116.319622,40.069992,10
B0FFHOD5XE,北京享缘精品酒店,金鱼池中街2号院11号楼11-47,三星级酒店,北京市,220,3.9,经济型,116.407879,39.891477,10
B000A43011,北京前门长得福精品酒店,珠宝市街31号(前门地铁站I西南口步行340米),酒店,北京市,220,4.0,旅馆,116.397569,39.896974,10
B0FFFV33EG,北京古城老院精品酒店,魏家胡同26号(张自忠路地铁站D西南口步行490米),酒店,北京市,1200,4.8,高档型,116.413805,39.931428,10
B0IDDSAD74,江南别院(锦绣龙城店),锦绣龙城c区餐饮东南方向30米,酒店,武汉市,0,4.7,湖北菜,114.391503,30.467155,27
B001B1EA7R,武汉洲际酒店,晴川大道666号,五星级酒店,武汉市,850,4.6,"豪华型,极致美景",114.245198,30.505259,27
B0J3XZ2HFR,桔子酒店(武汉武昌中南路店),武珞路449号,酒店,武汉市,320,4.9,舒适型,114.332331,30.534307,27
B0214019EF,八大关宾馆,山海关路19号,四星级酒店,青岛市,850,4.6,"旅馆,海滨风光",120.346871,36.050617,532
B0KU1APK6K,腾宇连锁精品酒店(五四广场店),延安三路71号,酒店,青岛市,220,,"住宿服务,宾馆酒店,宾馆酒店",120.382205,36.069155,532
B021413H9O,金釜快捷酒店(青岛五四广场店),芝泉路3号(湛山寺北门对面),酒店,青岛市,150,4.5,经济型,120.365313,36.065848,532
B0FFKJ8TYJ,青岛微笑如家连锁商务酒店,嘉禾路45号,酒店,青岛市,120,3.9,"经济型,低价实惠",120.352481,36.111402,532
B0JB3Y9SD0,青岛铭扬连锁酒店(栈桥火车站店),广州路47号(青岛站地铁站A口步行320米),酒店,青岛市,120,3.0,经济型,120.310702,36.063418,532
B021405VUA,水木58连锁宾馆(青岛温馨阁店),曹县路67号,酒店,青岛市,80,3.0,"经济型,低价实惠",120.353597,36.091182,532
B0FFFZTORK,青岛京苑连锁艺术酒店,聊城路108号甲(中山路地铁站B口步行430米),经济型连锁酒店,青岛市,150,4.9,经济型,120.322739,36.076162,532
B0FFJ45VJ4,都市118连锁酒店(青岛栈桥火车站地铁站店),湖南路40号(青岛站地铁站G口步行440米),经济型连锁酒店,青岛市,150,4.1,快捷酒店,120.319651,36.064446,532
B0FFFEN39O,尚客优快捷酒店(青岛李村步行街店),青岛向阳路1号(李村地铁站出入口步行470米),经济型连锁酒店,青岛市,150,4.3,经济型,120.424323,36.156055,532
B02140ZM2T,爱宾客连锁宾馆(台东店),浦口路48号(海泊桥海慈医疗地铁站A口步行470米),酒店,青岛市,120,3.3,经济型,120.356295,36.093635,532
B0KR7XLEJI,水木58连锁宾馆(青岛温馨阁店),曹县路67号,酒店,青岛市,80,3.1,旅馆,120.35359,36.091175,532
B0FFG4BGAX,如家酒店(武汉华中科技大学光谷步行街店),珞喻路726号世界城广场F1层(近光谷步行街),经济型连锁酒店,武汉市,180,4.7,经济型,114.405802,30.505943,27
B0HRUKE754,汉庭酒店(武汉江汉路步行街店),民主一街167号(江汉路地铁站G口步行420米),快捷酒店,武汉市,160,4.7,快捷酒店,114.287143,30.580262,27
B001B0IYBJ,汉庭酒店(武汉台北路万象城店),台北路216号(取水楼地铁站H口步行150米),经济型连锁酒店,武汉市,160,4.9,快捷酒店,114.27725,30.600319,27
B0L6ART8Q1,栖酒店(黄鹤楼长江大桥店),临江大道52号,酒店,武汉市,220,4.8,经济型,114.295945,30.551147,27
B0IDYAVYXI,宜庭酒店(武汉江汉路吉庆街店),吉庆街136号,酒店,武汉市,160,4.9,经济型,114.293022,30.586707,27
B0FFFT554Y,汉庭酒店(武汉汉口金融中心新华路酒店),新华路432号,经济型连锁酒店,武汉市,160,4.6,经济型,114.271748,30.603499,27
B0J3UH1Z9A,荷月枫泊酒店(武汉华师一附中光谷科技港店),东湖新技术开发区华师园路77号,酒店,武汉市,160,4.9,经济型,114.39778,30.455463,27
B0J6ADVGEC,武汉华中农业大学国际学术交流中心,狮子山街1号,酒店,武汉市,220,5.0,经济型,114.353892,30.475476,27
B001B0IHQE,如家酒店·neo(武汉循礼门地铁站江汉北路店),渣家左路296号,经济型连锁酒店,武汉市,160,4.7,快捷酒店,114.282489,30.589446,27
B0J17HFZD2,星空花园酒店(武汉同济医学院附属协和医院中山公园地铁站店),解放大道710号新崇光时尚广场A座1楼,酒店,武汉市,220,4.7,经济型,114.274174,30.581708,27
B0FFMGXU4I,上海前滩美居酒店,泳耀路480号,酒店,上海市,450,4.7,高档型,121.48129,31.159503,21
B00155Q3RL,宜必思酒店(上海徐家汇),番禺路858号,经济型连锁酒店,上海市,220,4.6,快捷酒店,121.428307,31.197515,21
B0FFKEOMSX,AA连锁酒店(上海顾村公园店),菊联路185号(近宝菊路距顾村公园地铁站900米),快捷酒店,上海市,120,3.5,快捷酒店,121.365307,31.347029,21
B0FFGTI4SO,纳也斯连锁酒店(上海总店),梅陇镇龙吴路3355号靠近金都路,酒店,上海市,150,4.0,"住宿服务,宾馆酒店,宾馆酒店",121.456198,31.094424,21
B0FFJIHB1U,迈典酒店(国家会展中心店),徐泾镇涞清路84号,酒店,上海市,220,4.3,经济型,121.297032,31.196091,21
B0FFGILGF6,艾享快捷酒店(上海丰庄路店),丰庄路405号(靠近汇丰佳苑),招待所,上海市,150,4.1,"住宿服务,旅馆招待所,旅馆招待所|住宿服务,宾馆酒店,宾馆酒店",121.36409,31.248201,21
B00155MWFO,吉泰连锁酒店(上海虹口足球场东宝兴路地铁站店),宝山路886号,经济型连锁酒店,上海市,150,4.2,经济型,121.479487,31.265446,21
B0FFKRAYGU,上海吉泰连锁酒店(南翔店),南翔镇宝翔路499弄,酒店,上海市,150,3.4,"住宿服务,住宿服务相关,住宿服务相关",121.320889,31.306659,21
B00157BOM5,莫泰168旅店(川沙路金汇广场店),川沙路4518号,经济型连锁酒店,上海市,160,4.5,经济型,121.695424,31.201061,21
B0FFKGX1GE,依歆连锁酒店(上海杨思地铁站店),上南路3300号,酒店,上海市,150,3.8,经济型,121.49834,31.158476,21
B0IKGUA3VC,莫柠酒店,振华路街道四流中路5-18号,酒店,青岛市,150,4.3,经济型,120.387243,36.168434,532
B0FFG70GDS,亿家连锁酒店(青岛台东啤酒街店),辽宁路80号(利津路地铁站A口步行240米),酒店,青岛市,120,4.0,"经济型,低价实惠",120.342924,36.082629,532
B0FFGO520U,易佰连锁酒店(青岛德国风情街店),馆陶路34号德国风情街西邻,酒店,青岛市,120,3.9,"经济型,低价实惠",120.322435,36.080882,532
B021413SX8,尚客优连锁酒店(青岛栈桥火车站店),嘉祥路66-68号(西镇地铁站B口步行200米),经济型连锁酒店,青岛市,120,3.7,"经济型,低价实惠",120.303765,36.062403,532
B0FFFRRBGP,青岛林达连锁酒店,重庆中路951号(遵义路地铁站B1口步行290米),酒店,青岛市,120,1.7,经济型,120.398687,36.211874,532
B0G30GH3F2,青岛骏怡连锁酒店(黄岛金沙滩薛家岛地铁站店),长江东路680号3楼(薛家岛地铁站C口步行30米),酒店,青岛市,150,4.5,经济型,120.220015,35.961358,532
B0FFF9MOGT,尚客优快捷酒店(绣城路店),绣城路438号,经济型连锁酒店,青岛市,150,,经济型,120.370671,36.300327,532
B0KUHOJ8C2,锦里·拾光度假公寓,文翁路与金盾路交叉口西南80米,招待所,成都市,320,,公寓式酒店,104.06005,30.65367,28
B025004RK1,厦门国际会议中心酒店,环岛东路1697号厦门国际会议中心,五星级酒店,厦门市,1200,4.8,"豪华型,亲子时刻",118.189013,24.470829,592
B0FFJTR3A1,厦门天元酒店(环岛路会展中心店),,酒店,厦门市,850,4.9,豪华型,118.192724,24.475774,592
B025001B1T,翔鹭国际大酒店,长浩路18号,五星级酒店,厦门市,480,4.5,"豪华型,亲子时刻",118.107713,24.521535,592
B025004MU8,源昌凯宾斯基大酒店,湖滨中路98号,五星级酒店,厦门市,1200,4.5,"五星级酒店,亲子时刻",118.100717,24.472668,592
B025000C44,厦门春光酒店(中山路轮渡码头店),海后路36-40号(轮渡码头的对面),酒店,厦门市,380,4.7,"高档型,购物便捷",118.074383,24.454906,592
B025001MYM,厦门喜来登酒店,嘉禾路386-1号,五星级酒店,厦门市,850,4.5,"五星级酒店,度假酒店风景宜人",118.128601,24.494984,592
B0FFF6XVG8,厦门万佳国际酒店,吕岭路966号(蔡塘地铁站4B口步行270米),五星级酒店,厦门市,850,4.8,豪华型,118.155365,24.485242,592
B02500VEJP,厦门朗豪酒店,仙岳路4668号,五星级酒店,厦门市,1200,4.8,"豪华型,购物便捷",118.178428,24.506035,592
B025004S2F,泰谷酒店,鹭江道2号厦门第一广场东座,五星级酒店,厦门市,480,4.6,"高档型,购物便捷",118.080187,24.449301,592
B0I1YU911X,汉庭酒店(厦门中山路第一码头海景店),鹭江道218-228号,快捷酒店,厦门市,220,4.8,快捷酒店,118.073336,24.459864,592
B0FFIZHPKZ,三亚大东海酒店,大东海旅游度假区榆海路1号,酒店,三亚市,850,4.5,豪华型,109.527229,18.222601,899
B03530RNJP,时光驿精品酒店(东山公园师大店),东山路47号,招待所,贵阳市,220,4.5,舒适型,106.728241,26.582651,851
B0KAC5V4Y8,盛昌客栈(苏州观前街平江文化历史街区店),临顿路曹胡徐巷16号(悬桥巷地铁站2号口步行300米),招待所,苏州市,120,4.5,经济型,120.62917,31.316438,512
B0FFIP7CEI,花居酒店(苏州工业园区娄葑地铁站店),苏州工业园区南摆宴街69号,酒店,苏州市,160,4.8,经济型,120.662382,31.286663,512
B0FFHYKTG8,周庄四月天家庭客栈,周庄镇全功路62、64号,招待所,苏州市,120,4.7,客栈,120.85453,31.11657,512
B02001HI2C,尚客优酒店(苏州吴江步行街店),松陵镇交通北路3388号,经济型连锁酒店,苏州市,150,4.7,经济型,120.651652,31.165326,512
B0FFM8N0QG,跃湖霆客栈(西洞庭山路分店),金庭镇庭山村4组,酒店,苏州市,180,4.4,民宿,120.326451,31.151491,512
B0FFJA5SDS,雅致·梦溪山庄(杭州西湖九溪十八涧店),九溪路24号,酒店,杭州市,1200,4.3,高档型,120.116753,30.192729,571
B0FFIKGF6U,杭州茶岚苑精品民宿,九溪十八涧九溪烟树乾龙路12号,酒店,杭州市,480,4.0,民宿,120.11799,30.212582,571
B0FFFAGWUM,林泉山庄,九溪路8号(九溪烟树九溪十八涧),三星级酒店,杭州市,380,4.2,"舒适型,休闲度假",120.118534,30.194198,571
B0HGT68LPX,应客精品酒店(杭州西湖中河北路地铁站店),"青云街50号(中河北路地铁站C出口旁,近环北丝绸服装城)",酒店,杭州市,220,4.7,经济型,120.171865,30.263904,571
B0FFFEHRS8,汉汀精品酒店(四季青店),杭海路213号杭州市白蚁防治研究所综合大楼,商务酒店,杭州市,220,4.4,商务酒店,120.202376,30.252073,571
B023B14FQE,和丽精品酒店,范家路219号,四星级酒店,杭州市,380,4.3,经济型,120.199117,30.290386,571
B0FFHU10CJ,典家精品酒店(杭州河坊街店),中河中路21号,酒店,杭州市,220,4.4,经济型,120.171915,30.239502,571
B0FFHKLTCC,群东精品酒店(杭州火车东站店),新风路明桂北苑1幢底商3号,酒店,杭州市,150,4.4,经济型,120.202319,30.295831,571
B0HAXMN923,香美桐精品酒店(杭州文新地铁站店),文一西路309号(文新地铁站C口步行410米),酒店,杭州市,220,4.0,经济型,120.100491,30.28633,571
B0FFJHS14R,杭州观海精品酒店,我家味道餐厅东面,酒店,杭州市,320,4.6,舒适型,120.370992,30.270188,571
B0FFGG21A0,灿天精品酒店(杭州火车东站店),新风路明桂北苑9幢(火车站附近),酒店,杭州市,150,4.4,经济型,120.203581,30.294948,571
B0FFFG0B7W,吉泰精品酒店(杭州火车东站店),艮山西路220号,经济型连锁酒店,杭州市,220,4.7,舒适型,120.193079,30.276415,571
B0FFIHDYN8,杭州致恒精品酒店(新镇路地铁站店),义蓬街道横一路159号(新镇路地铁站A口步行70米),酒店,杭州市,150,4.2,经济型,120.484872,30.258011,571
B0I0ULCFNQ,杭州西湖逸居公寓(思澄堂分店),岳王路1号岳王路-8号楼岳王路1号东方金座,酒店,杭州市,150,4.6,经济型,120.16987,30.252764,571
B000A88INT,世家精品酒店,农展馆南里12号(近农展馆南路),四星级酒店,北京市,480,4.8,舒适型,116.463643,39.934899,10
B0JBMRXLOL,旭日精品酒店(亦庄天华西路店),亦庄天华西路店一里四区10号楼,酒店,北京市,160,4.6,经济型,116.492991,39.79744,10
B0FFL3GD33,北京龙泽精品酒店,科创十一街4号院,酒店,北京市,220,4.3,经济型,116.571493,39.792487,10
B0FFKZDQHU,星辉海边民宿,杨梅坑86号101,招待所,深圳市,180,4.0,民宿,114.569249,22.544971,755
B0KAFAHHGF,深圳海边星月湾民宿,大鹏新区大鹏街道较场尾较三西五巷五号东,招待所,深圳市,380,4.4,民宿,114.510025,22.588175,755
B02F38MTLN,7天酒店(深圳地王大厦红桂路店),宝安南路2078号,经济型连锁酒店,深圳市,150,4.0,"经济型,7天特惠",114.109889,22.550512,755
B0IA9AM7DC,柏曼酒店(观山湖世纪城店),合肥路70号24栋C3-106,商务酒店,贵阳市,220,3.9,商务酒店,106.641154,26.597232,851
B03530RDXW,7天连锁酒店(贵阳白云白金大道店),刚玉街54号,经济型连锁酒店,贵阳市,120,4.5,"经济型,7天特惠",106.656274,26.688063,851
B0FFIVOKGN,7天优品酒店(贵阳北站店),北大资源梦想城小区7-A04栋,经济型连锁酒店,贵阳市,150,4.5,"经济型,7天特惠",106.666762,26.624004,851
B0FFI92ABB,恒8连锁酒店(贵阳经济技术开发区店),经济技术开发区翁岩小区B栋,酒店,贵阳市,120,3.7,经济型,106.709856,26.452396,851
B0FFF5JF08,7天连锁酒店(息烽文化路店),文化北路34号农业银行左侧,经济型连锁酒店,贵阳市,120,,经济型,106.73553,27.09254,851
B0J24HWMK3,泊庭酒店(精彩城海纳广场店),贵安新区党武镇思雅路7号群升精彩城A区5号栋1单元1层4号,快捷酒店,贵阳市,150,,快捷酒店,106.628823,26.397149,851
B0FFF6YYYU,贵阳众鑫快捷酒店,新添寨新创路35-36号,快捷酒店,贵阳市,120,3.6,快捷酒店,106.772202,26.630447,851
B03530P0S5,凯旋龙连锁酒店(贵阳广播电视台店),箭道街78号经协大厦7-10楼,三星级酒店,贵阳市,160,4.1,快捷酒店,106.713321,26.567352,851
B0FFHX93JP,恒8连锁酒店(贵阳黔灵山公园店),花香村浣纱路139号,酒店,贵阳市,150,4.1,经济型,106.697939,26.576534,851
B0FFLHNWCP,恒8连锁酒店(贵阳缤纷广场店),黄河路224号缤纷广场对面,酒店,贵阳市,120,4.1,经济型,106.700558,26.516514,851
B0GKJPVUQA,厦门鼓浪屿转角遇到爱民宿,龙头路476号龙头路小吃街,酒店,厦门市,280,4.5,民宿,118.068478,24.444509,592
B0JBTR7NXK,厦门青石民宿(环岛南路曾厝垵店),曾厝垵村曾厝垵社466号,酒店,厦门市,180,4.8,客栈,118.125852,24.428549,592
B0FFKA3ZLB,厦门光之殿堂民宿,曾厝垵475号,酒店,厦门市,180,4.2,客栈,118.125418,24.428902,592
B0J34A2V4P,鼓浪屿Tiamo临海套房民宿(三丘田码头店),鼓浪屿街道鼓新路45号,酒店,厦门市,380,4.7,民宿,118.067896,24.448161,592
B0L6CCFO47,航宿民宿(厦门高崎机场店),围里840号零食大大二楼,招待所,厦门市,150,4.3,民宿,118.144016,24.530251,592
B03530OT9X,红枫湖会议中心,望城坡湖滨路1号,三星级酒店,贵阳市,380,4.1,度假酒店,106.442534,26.546296,851
B0FFF3Z4OC,水晶主题酒店(北京潘家园地铁站店),武圣路武圣东里54号楼1层,酒店,北京市,320,4.1,"情侣酒店,浪漫约会",116.467939,39.876942,10
B0FFKQ1E1X,北京时代主题宾馆,赵公口居民宅区东1门旁,快捷酒店,北京市,150,4.4,快捷酒店,116.414048,39.855665,10
B0JRPCPJ6W,北京什刹海皮影文化主题酒店,松树街24号,酒店,北京市,420,4.7,舒适型,116.382448,39.938765,10
B000A85QCR,心动主题酒店(北京三里屯国展店),新源街45-1号,三星级酒店,北京市,380,4.4,主题酒店,116.455014,39.950177,10
B0FFF3JUCG,国汉主题酒店(北京东直门店),东直门外大街胡家园小区21号楼,三星级酒店,北京市,220,3.9,主题酒店,116.445101,39.944804,10
B0FFFAH7RF,北京麦8主题酒店(农业展览馆店),麦子店正街5号楼,酒店,北京市,220,4.1,"主题酒店,有无障碍设施",116.46883,39.943933,10
B0FFHSBHVD,桃丝主题酒店,安苑北里14号,酒店,北京市,220,4.7,主题酒店,116.408024,39.985271,10
B000A8VTBO,乐酷电竞主题酒店(北京旧宫店),小红门路57号,酒店,北京市,220,4.1,电竞酒店,116.455423,39.81128,10
B0FFHC96Z4,梦游世界主题酒店(北京定慧寺店),八里庄北里21号楼(慈寿寺地铁站I西南口步行280米),酒店,北京市,220,3.7,主题酒店,116.290274,39.931884,10
B000A9S752,乐酷假日快捷酒店(北京王四营店),王四营观音景园东区104号楼,经济型连锁酒店,北京市,150,4.1,经济型,116.52683,39.886333,10
B0FFGLH1LI,汉庭酒店(北京天安门广场店),杨梅竹斜街118号,经济型连锁酒店,北京市,320,4.8,经济型,116.390651,39.895122,10
B0KUOZPOTI,北京天安门广场瑞贝庭公寓酒店,珠市口东大街346号,酒店,北京市,480,4.1,高档型,116.402992,39.889817,10
B0FFFFZ40I,霄云酒店,霄云路35号,经济型连锁酒店,北京市,220,4.3,"经济型,有无障碍设施",116.461818,39.956763,10
B000ABBX3R,如家酒店(北京潘家园店),华威南路弘善家园304号,经济型连锁酒店,北京市,220,4.7,快捷酒店,116.452186,39.871213,10
B000A84GEY,桔子酒店(北京潘家园劲松地铁站店),农光东里34号楼天客隆商务大厦A座4-5层,经济型连锁酒店,北京市,380,4.7,舒适型,116.468002,39.884027,10
B000A80VVY,格林豪泰酒店(北京天坛光明桥肿瘤医院店),潘家园劲松七区725号,经济型连锁酒店,北京市,220,4.7,经济型,116.447275,39.878995,10
B0FFG7VBM3,7天连锁酒店(北京五棵松301解放军总医院店),靛厂路50号,经济型连锁酒店,北京市,220,4.5,"经济型,7天特惠",116.277723,39.889828,10
B0JDP5LLYU,汉庭酒店(北京燕莎使馆区麦子店街店),枣营北里34号,酒店,北京市,220,4.6,经济型,116.469047,39.94643,10
B0FFGB53OF,7天优品酒店(北京鼓楼后海店),宝钞胡同22号,经济型连锁酒店,北京市,220,4.1,"经济型,7天特惠",116.400225,39.945916,10
B0I6OC9E6I,汉庭酒店(北京西三旗东升科技园店),宝盛里37号,经济型连锁酒店,北京市,220,4.5,经济型,116.367426,40.03265,10
B0J2YDQL6P,宜必思酒店(北京天安门广场店),大栅栏街25号(大栅栏商业街北侧),经济型连锁酒店,北京市,320,4.8,舒适型,116.395728,39.896108,10
B000A8W7MF,鸿炜亿家连锁酒店(王府井店),灯市口西街36号,三星级酒店,北京市,220,3.6,经济型,116.407825,39.918194,10
B0K1GGX862,成都锦里风尚民宿(锦里古街店),高升桥北街一号(高华横街)33号,酒店,成都市,220,4.8,民宿,104.039844,30.637709,28
B0J6ZBD1QC,华西锦里武侯祠之家公寓(浆洗街分店),浆洗街16号华西国际001室,酒店,成都市,150,4.4,民宿,104.059056,30.643577,28
B0K1SD60Y7,豆居民宿(成都武候祠大街锦里古街店),武侯祠大街113号五楼,酒店,成都市,220,4.6,民宿,104.052164,30.645904,28
B0FFHRBSFX,记忆酒店(成都东郊记忆龙湖滨江天街店),杉板桥路164号(杉板桥地铁站C口旁),四星级酒店,成都市,380,4.5,舒适型,104.1188,30.663533,28
B0FFKV6PTN,北京森娣特色民宿,鼓楼东大街67号,招待所,北京市,350,,民宿,116.405607,39.941143,10
B0IAM7OPQZ,秀泽居特色民宿,琉璃庙镇安洲坝村44号,酒店,北京市,450,,民宿,116.652963,40.64249,10
B0J6S73ZXF,亲然的乡村美宿特色民宿(京加路4号分店),京加路亲然亲子花园·见山温泉度假Villa(怀柔河防口长城店)长城观景露台,酒店,北京市,850,4.9,民宿,116.67448,40.432654,10
B0I6RMT1BI,北京筑梦恬家特色民宿,黄坎村307号,酒店,北京市,450,5.0,民宿,116.468284,40.361037,10
B0G0SD05U5,北京御香居特色民宿,沙峪村354号,招待所,北京市,380,4.7,民宿,116.477879,40.412397,10
B0JUBZ5E7Q,时光且慢特色民宿(四宝路分店),珍珠泉乡庙梁村146号,酒店,北京市,380,4.6,旅馆,116.455859,40.56892,10
B0JU6NR52N,亭院儿特色民宿(大赴路分店),大赴路大赴任庄村,酒店,北京市,380,4.7,民宿,116.43958,40.171422,10
B0JA7R14TF,合居山舍特色民宿(京加路分店),怀北镇河防口村424号,酒店,北京市,380,,民宿,116.672626,40.433724,10
B0IAO4XE9A,给你家的感觉特色民宿(龙德行路分店),龙德行路雁栖湖路,酒店,北京市,380,4.4,民宿,116.698327,40.394744,10
B0IBHRFMHD,静山居士特色民宿,怀北镇椴树岭八亩地村,招待所,北京市,480,4.7,民宿,116.668971,40.519679,10
B0JB3GDUC4,鼓浪屿鼓疗度假酒店(菽庄花园观海园沙滩店),田尾路18号,酒店,厦门市,850,4.9,高档型,118.0708,24.440432,592
B0JGGSNYMF,厦门海屿阳光民宿(环岛路黄厝海滨浴场店),塔头社447号,酒店,厦门市,180,4.7,民宿,118.14433,24.435884,592
B0JAUSG7U3,厦门YOLO有乐民宿(环岛南路曾厝垵店),曾厝埯社247号,招待所,厦门市,220,4.8,民宿,118.126471,24.427174,592
B0FFKNAAFK,鼓浪屿此刻民宿,鼓浪屿内厝澳路242号,招待所,厦门市,320,,客栈,118.063242,24.447808,592
B0FFK2FBVF,厦门晨东精品民宿(十里长堤集美学村店),岑东路44号,酒店,厦门市,180,4.7,民宿,118.096844,24.569334,592
B0HKPB6IMV,厦门黎想家民宿,南里路470号,酒店,厦门市,180,4.3,民宿,118.108025,24.582005,592
B0JBFP1IPK,周庄一品玉庭精品客栈,西湾街47号,酒店,苏州市,280,4.3,客栈,120.848586,31.111387,512
B0FFFSN0DZ,苏州华南精品客栈,黄埭镇春丰路2393号,酒店,苏州市,80,3.3,"经济型,低价实惠",120.556628,31.429984,512
B0FFHVSMKO,完颜精品客栈,福洪街66号,招待所,苏州市,120,4.6,经济型,120.848098,31.11256,512
B0FFFZWDCR,宜居阁精品客栈(富贵路店),周庄里浜17号,招待所,苏州市,180,4.8,客栈,120.852213,31.11345,512
B0FFG4ZVYC,周庄在水一方精品客栈,周庄镇全功路264号,招待所,苏州市,180,4.1,客栈,120.847013,31.115956,512
B0FFL8UZFU,浦江精品客栈,锦溪镇干家甸15号,酒店,苏州市,120,4.0,客栈,120.91344,31.180238,512
B0FFGSIU4E,周庄俞洋禧家精品客栈,全功路74-76号,招待所,苏州市,180,3.4,客栈,120.854352,31.116578,512
B0HU57O7HS,全际·设计师影音公寓(广州南站店),苏基坊武魁巷1号,酒店,广州市,220,4.6,"公寓式酒店,公寓",113.2634,22.977448,20
B0FFKKUXY4,重庆大都会凯悦酒店,邹容路68号(临江门地铁站1号口步行360米),五星级酒店,重庆市,1200,4.6,豪华型,106.578608,29.556815,23
B0FFKR7VY0,维也纳国际酒店(重庆解放碑十八梯店),南纪门凤凰台6号解放西路长滨大厦旁,酒店,重庆市,380,4.8,高档型,106.57163,29.54937,23
B00178759P,重庆富力艾美酒店,江南大道10号,五星级酒店,重庆市,850,4.6,五星级酒店,106.57031,29.524365,23
B0FFFSGT0V,全季酒店(重庆解放碑步行街店),民权路35号(较场口地铁站9号口步行130米),经济型连锁酒店,重庆市,320,4.8,舒适型,106.576341,29.555057,23
B0FFG0CGPE,重庆解放碑美居酒店,八一路183号(较场口地铁站9号口步行320米),经济型连锁酒店,重庆市,420,4.8,高档型,106.577363,29.555201,23
B0HAORJL3Z,来住S酒店(重庆解放碑店),民生路283号重宾商务大厦7楼,酒店,重庆市,420,4.9,"高档型,疫情轨迹点",106.570133,29.557037,23
B0FFIZQ2D6,维也纳国际酒店(重庆江北机场T3航站楼店),两港大道258号(环山公园地铁站3C口步行130米),酒店,重庆市,380,4.9,高档型,106.620871,29.657359,23
B0FFJV8J2K,汉庭酒店(重庆观音桥步行街店),建新东路11号附1号(观音桥地铁站6A口步行230米),经济型连锁酒店,重庆市,220,4.9,舒适型,106.536965,29.574468,23
B0I0H6PV6G,你好酒店(成都高新交子金融城店),华南路天久北巷8号,酒店,成都市,220,4.8,舒适型,104.077625,30.593175,28
B0J0MURZQM,成都云上精品酒店(四川农业大学成都校区店),惠民路468号,酒店,成都市,150,4.6,经济型,103.866401,30.708896,28
B0L6AG01JT,三亚金贸花园套房度假酒店,迎宾路165号,酒店,三亚市,850,4.3,高档型,109.509239,18.273431,899
B0FFI3FP66,三亚大东海四叶草海景公寓(锦轩江南店),大东海榆亚路83号锦轩江南小区1706室,酒店,三亚市,180,4.9,民宿,109.522977,18.22526,899
B0FFMFCUUB,单间套房出租,三亚河西路与春园三巷交叉口西北40米,酒店,三亚市,150,,"住宿服务,住宿服务相关,住宿服务相关",109.505488,18.256903,899
B001C09YIE,添智客栈(洛带古镇店),振兴街458号,招待所,成都市,120,4.8,客栈,104.325792,30.644104,28
B0FFFWPOYO,都江堰丽江客栈,大观镇大青路44-48号,招待所,成都市,120,4.8,经济型,103.575841,30.845916,28
B0FFG7FVQ6,悦来客栈(成都新会展中心店),中和街道巢础巷49号,招待所,成都市,120,4.6,经济型,104.088438,30.560443,28
B0FFFGYH8U,云生园客栈(都江堰四合院民宿),南街宝瓶巷55号,招待所,成都市,180,4.4,旅馆,103.615604,30.99718,28
B0FFFGYE5F,崇州鸿运客栈,街子古镇天顺西街40号,招待所,成都市,80,4.5,"客栈,低价实惠",103.561396,30.811362,28
B0FFJ0A2A5,十八号客栈(西南石油大学店),大学路144号(阿遇烤五花肉楼上),招待所,成都市,80,3.6,民宿,104.187397,30.823151,28
B0FFGX7RTS,崇州莲花客栈(街子古镇店),街子古镇闸子巷38号,招待所,成都市,180,4.8,舒适型,103.558135,30.81199,28
B0H0BC1EI8,金诚客栈,西来镇文风街4号,招待所,成都市,80,4.7,旅馆,103.509543,30.302563,28
B0HRDSUV12,贵阳贵御温泉酒店,温泉路479号,酒店,贵阳市,380,3.7,舒适型,106.770831,26.61609,851
B0FFFRDMV8,贵阳温泉半山酒店(保利新城贵御温泉店),顺海中路88号保利温泉新城二期A区30栋,四星级酒店,贵阳市,380,3.9,经济型,106.759028,26.611693,851
B0IBGAFXG1,贵阳温泉半山酒店大堂,温泉半山酒店(保利新城贵御温泉店),四星级酒店,贵阳市,480,3.8,"住宿服务,宾馆酒店,四星级宾馆",106.75895,26.611632,851
B021412MK9,桔子酒店(青岛五四广场店),东海西路32号(浮山所地铁站D口步行360米),经济型连锁酒店,青岛市,320,4.4,快捷酒店,120.390587,36.062939,532
B0J22SXBSA,三亚戴斯精选温德姆酒店(三亚湾椰梦长廊店),解放四路59号,酒店,三亚市,480,4.0,高档型,109.49853,18.263571,899
B0JUFRVY8N,三亚湾伯爵佰悦酒店,解放路747号,酒店,三亚市,850,4.4,豪华型,109.501287,18.261342,899
B0FFLGQESX,北京长城拾光民宿(八达岭长城店),八达岭镇岔道村49号,酒店,北京市,380,4.9,民宿,115.995972,40.364491,10
B0JBU7IOBF,重庆雾见民宿(人民解放纪念碑店),临江大厦临江支路30号6楼(临江门地铁站1号口步行380米),酒店,重庆市,320,5.0,"住宿服务,住宿服务相关,住宿服务相关",106.578275,29.56109,23
B0J6J42RF7,重庆YOYO民宿(人民解放纪念碑店),敦厚街36号和泓·南山道7幢,酒店,重庆市,220,4.8,民宿,106.588795,29.539686,23
B0JG3GX3HW,重庆邂逅山城民宿(人民解放纪念碑店),八一路2102号(临江门地铁站1号口步行410米),酒店,重庆市,220,4.8,民宿,106.577505,29.556044,23
B0IGRZXO70,柒间水月民宿(人民解放纪念碑店),邹容广场-B座16-8(临江门地铁站出入口步行150米),招待所,重庆市,220,4.8,民宿,106.573087,29.559118,23
B0JBO4IH17,重庆思姐家民宿(人民解放纪念碑店),南坪街道浪高韵阁7楼7-22(工贸地铁站1号口步行290米),酒店,重庆市,150,4.4,民宿,106.566421,29.532209,23
B0FFKGXDW9,重庆雄门公寓(人民解放纪念碑分店),民权路58号合景·聚融广场F1层(较场口地铁站7号口旁),酒店,重庆市,150,4.5,民宿,106.573785,29.553966,23
B0L6GGRSZN,重庆乱马晚渡民宿(人民解放纪念碑店),阳光100国际新城-A1-2栋2402,酒店,重庆市,220,4.8,民宿,106.594499,29.570165,23
B0K1GGWT1M,重庆喵小舍苏摩民宿(人民解放纪念碑店),长江滨江路海客瀛洲小区(朝天门地铁站1号口步行320米),酒店,重庆市,220,4.8,客栈,106.588292,29.561917,23
B00140I7QV,广州英姿快捷酒店(芳村地铁站店),荣兴路23-4号,经济型连锁酒店,广州市,150,4.4,经济型,113.230418,23.094185,20
B0KD5CX87J,广州聚安酒店(彩虹桥地铁站陈家祠地铁站店),小梅大街17号(彩虹桥地铁站A口步行410米),酒店,广州市,160,4.4,经济型,113.246804,23.131022,20
B00140SMRO,岭南佳园连锁酒店(广州北京路步行街农讲所地铁站店),德政中路388号佛冈大厦(农讲所地铁站A口旁),经济型连锁酒店,广州市,150,3.8,快捷酒店,113.275469,23.126123,20
B00140IBSJ,沃顿连锁酒店(广州永庆坊黄沙地铁站店),黄沙大道52号(广州医学院口腔医院对面),酒店,广州市,160,4.1,经济型,113.234896,23.113023,20
B0I1NOEIHR,如家快捷酒店(广州芳村花地湾地铁站店),东漖北路566-568号,经济型连锁酒店,广州市,160,4.7,"住宿服务,宾馆酒店,经济型连锁酒店",113.228121,23.090152,20
B0FFI8ZF8F,广州枫林快捷酒店(琶洲会展鹭江地铁站店),敦和路147号敦和花园小区旁,酒店,广州市,120,3.3,经济型,113.314045,23.090803,20
B0FFK605KB,7天连锁酒店(广州宝业路沙园地铁站店),工业大道北83号远锋大厦兴安楼上,经济型连锁酒店,广州市,150,3.4,"经济型,7天特惠",113.258639,23.091629,20
B0FFFH16I3,OYO微八酒店,西槎路256-306号(同德地铁站A口步行140米),经济型连锁酒店,广州市,200,4.0,经济型,113.235052,23.162052,20
B0HR6Z4O81,逸米酒店(广州鹅掌坦地铁站店),同康路明德街51-55号二楼,酒店,广州市,160,4.7,经济型,113.232895,23.158345,20
B00140NILW,莫泰酒店(广州洛溪大桥厦滘地铁站店),105国道上漖村路段96号,经济型连锁酒店,广州市,160,4.5,经济型,113.309241,23.037977,20
B0JUCP213B,如家酒店(青岛五四广场浮山所地铁站店),云霄路46号(浮山所地铁站D口步行490米),酒店,青岛市,220,4.8,舒适型,120.393087,36.068537,532
B023B13PYP,布丁严选酒店(杭州河坊街吴山广场地铁站店),高银街58号布丁严选酒店十竹斋艺术馆店,经济型连锁酒店,杭州市,150,4.3,快捷酒店,120.170263,30.240774,571
B0FFHDP24G,可见时光·望达斯旅舍(杭州西湖湖滨河坊街店),小井巷21号(吴山广场地铁站D口步行360米),招待所,杭州市,120,4.7,"经济型,低价实惠",120.168087,30.239811,571
B0FFIPINQ0,蜂窝酒店(西湖南星桥地铁站店),秋涛路18号中针商务大厦3层,酒店,杭州市,120,4.5,青年旅舍,120.174923,30.216352,571
B0H63A81HK,韶华卿卿青年旅舍(滨康路地铁站店),滨康路51-1号(滨康路地铁站G口步行310米),酒店,杭州市,80,4.8,青年旅舍,120.230288,30.180632,571
B023B14FRX,杭州果派酒店,灯彩路水映苑39-8号,经济型连锁酒店,杭州市,150,4.1,"经济型,低价实惠",120.094939,30.328177,571
B023B14BD7,布丁精选酒店(杭州西湖武林广场文晖大厦店),湖墅南路96号,经济型连锁酒店,杭州市,150,4.7,经济型,120.156187,30.278191,571
B023B14SA7,泰至宾馆(杭州桂花西路地铁站店),富春街道春秋北路39-1号,酒店,杭州市,120,4.2,"经济型,低价实惠",119.944413,30.050746,571
B0FFF6B0YQ,布丁酒店(杭州浙大紫金港店),申花路789号剑桥公社B座,经济型连锁酒店,杭州市,120,4.3,经济型,120.093695,30.305625,571
B0FFG7DS4Q,悦胜酒店(杭州西湖大道店),佑圣观路145号,快捷酒店,杭州市,220,4.4,快捷酒店,120.175238,30.244346,571
B023B0I036,YHA荷方小院(西湖河坊街店),大井巷67号,招待所,杭州市,85,4.4,"经济型,低价实惠",120.16966,30.239115,571
B023B18KZS,杭州玖盛影院酒店(九堡客运中心店),九堡家苑二区3排12号,酒店,杭州市,120,3.2,"旅馆,低价实惠",120.273368,30.312058,571
B023B08QQL,杭州尼可城市酒店,中山中路288号(与西湖900米河访街800米定安路地铁口380米),三星级酒店,杭州市,220,4.5,经济型,120.17073,30.24946,571
B023B175YS,鼎御商务酒店(西湖河坊街店),中山中路123号,酒店,杭州市,220,3.8,经济型,120.17063,30.241563,571
B023B09QGT,布丁严选酒店(杭州西湖建国北路地铁站店),凤起路66号(建国北路地铁站B口步行110米),经济型连锁酒店,杭州市,150,4.6,快捷酒店,120.18223,30.265451,571
B023B09YT6,布丁严选酒店(西湖文化广场地铁站店),河东路85号(近文晖路口朝晖三区、紧靠农业银行),经济型连锁酒店,杭州市,150,4.5,经济型,120.163198,30.283129,571
B023B14E2P,布丁酒店(杭州西湖浙一庆春店),庆春路66号东清大厦裙房写字楼D座1层,经济型连锁酒店,杭州市,120,3.5,经济型,120.17753,30.258204,571
B023B14QTR,布丁严选酒店(杭州滨江高教园杨家墩地铁站店),浦沿街明德路727号杨家墩综合大楼,经济型连锁酒店,杭州市,120,3.1,"经济型,低价实惠",120.15495,30.170092,571
B023B083KH,悦胜酒店(杭州清泰街店),清泰街499号(紧邻市三医院后身),快捷酒店,杭州市,160,3.6,快捷酒店,120.176636,30.247086,571
B0I2GY7IZC,对象家青年旅社,庆春路182号金融大厦903室,招待所,杭州市,80,4.8,旅馆,120.16824,30.258512,571
B0I0CCFFFD,背包十年青年旅舍(杭州武林广场沈塘桥地铁站店),文晖路419号(湖墅南路103百大花园裙房),招待所,杭州市,80,4.8,青年旅舍,120.154227,30.278351,571
B0LG5CNCGM,旅小二青年酒店(金地广场店),古墩路1333号金地广场A座3楼,酒店,杭州市,120,4.8,经济型,120.081838,30.340617,571
B0FFGZGVZT,汐啡艺术酒店(杭州万华广场店),钱王大街1075号,三星级酒店,杭州市,220,4.8,商务酒店,119.70185,30.221237,571
B023B13OYD,布丁严选酒店(杭州庆春广场景芳地铁站店),景芳路173号(景芳地铁站B口步行390米),快捷酒店,杭州市,150,4.4,快捷酒店,120.204002,30.26717,571
B0K36XHL51,一颗星球青年酒店(杭州候潮门地铁站店),江城路256-28号(候潮门地铁口A口出直行30米),酒店,杭州市,120,4.8,经济型,120.1731,30.227925,571
B0LAGHQLNA,默笙青年旅舍(未来科技城旗舰店),向往街368号2幢2楼,酒店,杭州市,80,4.9,经济型,120.017081,30.287137,571
B023B149W6,布丁酒店(杭州浙工大省人民医院店),新市街93-2号,经济型连锁酒店,杭州市,120,4.0,经济型,120.167266,30.287185,571
B0FFG0WD2E,如家·neo-杭州富阳恩波广场桂花路店,恩波大道与桂花路辅路交叉口东南40米,经济型连锁酒店,杭州市,160,4.7,"住宿服务,宾馆酒店,经济型连锁酒店",119.955425,30.048425,571
B0FFI5FZW5,雅诗酒店(西湖湖滨定安路地铁站店),解放路172号2层,酒店,杭州市,220,4.7,经济型,120.169065,30.250779,571
B023B0BEO7,7天连锁酒店(杭州城站火车站店),江城路744号(江城路地铁站A口步行130米),经济型连锁酒店,杭州市,150,4.6,"经济型,7天特惠",120.179703,30.240061,571
B0FFHPZQLT,海岸假日酒店(杭州西湖河坊街店),后市街113号(定安路地铁站D口步行420米),酒店,杭州市,220,4.3,经济型,120.169023,30.243047,571
B0FFHRNZ2J,南苑e家酒店(杭州火车东站东广场店),杭州东站东广场三号电梯二楼(杭州东站进站口1层)(杭州东站四个大字右边),经济型连锁酒店,杭州市,160,4.1,经济型,120.215148,30.294179,571
B023B14VOR,7天连锁酒店(杭州临平银泰店),临平北大街101号华轻大楼6-7层,经济型连锁酒店,杭州市,150,4.1,"经济型,低价实惠",120.302819,30.422414,571
B023B14DR8,布丁酒店(杭州火车东站艮山西路店),艮山西路200号(艮秋立交桥西北侧)距闸弄口新村公交站向东200米工商银行旁,经济型连锁酒店,杭州市,120,4.1,"经济型,低价实惠",120.197168,30.27668,571
B0FFL0BYY7,和轩道酒店(杭州火车东站东广场店),东宁路杭州火车东站东广场(站内)10号电梯G层直达,酒店,杭州市,220,4.9,经济型,120.21475,30.293254,571
B0FFLIDFSE,布丁严选(杭州武林广场打铁关地铁站店),建国北路695号京都苑18号,经济型连锁酒店,杭州市,150,4.5,快捷酒店,120.176958,30.276869,571
B023B0BFZ9,杭州缘佳宾馆(经纬国际创意产业园店),石桥路303号,酒店,杭州市,120,4.0,"旅馆,低价实惠",120.192768,30.326972,571
B023B0BPT4,布丁酒店(杭州萧山博奥地铁站店),金城路83号中冠置地大厦1层,经济型连锁酒店,杭州市,120,3.7,经济型,120.241637,30.183089,571
B0JUL7RQM1,杭州拣枝而栖青年旅舍(杭州武林广场宝善桥地铁站店),潮鸣街道刀矛巷裕达大厦6楼,招待所,杭州市,85,4.9,青年旅舍,120.18605,30.27084,571
B023B0BCMM,杭州西子湖四季酒店,灵隐路5号,五星级酒店,杭州市,6600,4.7,"豪华型,亲子酒店",120.128537,30.251363,571
B023B149YA,7天连锁酒店(杭州汽车北站万达广场店),花园岗街209号(广丰路与崇海路的交叉口),经济型连锁酒店,杭州市,150,4.0,"经济型,7天特惠",120.119035,30.321449,571
B0KKJAY75W,印象X酒店(杭州潮王路地铁站店),德胜路353号远大花园18幢,经济型连锁酒店,杭州市,160,4.4,经济型,120.154592,30.292058,571
B023B0BEOE,杭州宁都宾馆(西湖河坊街店),江城路673号(吴山广场旁),招待所,杭州市,150,4.2,经济型,120.176957,30.236967,571
B023B1AQWA,湖畔居度假公寓(千岛湖中心湖区店),千岛湖阳光水岸度假村7幢A座1层,招待所,杭州市,320,4.6,舒适型,119.038356,29.623587,571
B0FFKKWFSC,杭州云岸沐风酒店(南星桥地铁站店),钱江路8号(南星桥地铁站C口步行200米),酒店,杭州市,160,4.4,经济型,120.175184,30.215872,571
B023B0BRLH,富阳鸿鑫宾馆,春秋北路181之11-13号(川德火锅对面),酒店,杭州市,120,4.7,经济型,119.943494,30.057357,571
B023B09JOV,千岛湖秀水舫酒店,阳光路469号,四星级酒店,杭州市,480,4.3,"舒适型,亲子时刻",119.041746,29.626868,571
B023B14FT2,布丁严选酒店(黄龙体育中心文三路地铁站店),万塘路266号(文三路地铁站D3口步行190米),经济型连锁酒店,杭州市,150,4.4,经济型,120.12511,30.277988,571
B0FFLA6F1S,杭州尚徽酒店(西湖文化广场店),上塘路210-2号,酒店,杭州市,220,4.5,经济型,120.165239,30.288122,571
B0383010EU,三亚威阁大酒店,解放路256号,商务酒店,三亚市,380,4.5,"商务酒店,低价实惠",109.506579,18.242421,899
B03830N44B,三亚海边度假公寓,榆海路11号,招待所,三亚市,350,4.1,公寓式酒店,109.527907,18.222077,899
B0FFF3YY8R,三亚尚客优酒店(三亚湾椰梦长廊店),铁路东巷22号,经济型连锁酒店,三亚市,150,4.8,经济型,109.500789,18.255239,899
B0383016VW,三亚湾顺鑫旅馆(三亚湾海月广场凤凰岛店),三亚湾37号,招待所,三亚市,80,3.9,经济型,109.496632,18.257516,899
B03830MZO6,鸿韵旅租(三亚湾店),吉祥街鸿文巷1号,酒店,三亚市,120,3.5,"经济型,低价实惠",109.501112,18.259587,899
B03830NQPV,三亚德钰海景公寓,三亚湾路昌达海景花园A区4单元7楼,酒店,三亚市,180,3.7,民宿,109.500626,18.250645,899
B0FFFF8B6C,三亚简单爱甜蜜海景公寓,三亚湾路20号昌达海景花园A区4单元507室,酒店,三亚市,120,3.4,"民宿,低价实惠",109.500689,18.250713,899
B0FFLMTDYO,三亚湾海忆时光海景公寓(三亚湾椰梦长廊店),三亚湾路碧海蓝天B栋(海日阁)26FA7房,经济型连锁酒店,三亚市,150,5.0,"住宿服务,宾馆酒店,经济型连锁酒店",109.489845,18.266851,899
B0FFG9TWXG,三亚青艺术雅筑客栈(三亚湾店),铁路街儋州三巷3号,招待所,三亚市,150,4.1,"客栈,海滨风光",109.500409,18.256167,899
B0383010F0,三亚科宝主题酒店(解放路步行街店),解放二路316号科宝大厦1层,酒店,三亚市,150,4.3,"主题酒店,低价实惠",109.506271,18.244154,899
B03830049X,三亚凯帝海景酒店,吉祥街92号,酒店,三亚市,320,3.2,经济型,109.500681,18.258609,899
B0FFFC6QNS,丽岛精品美宿(三亚凤凰机场店),凤凰路与机场路交汇处(金凤凰农村银行旁),招待所,三亚市,220,4.6,经济型,109.442689,18.301479,899
B03830105Z,三亚玉阙宾馆(三亚湾店),三亚河东路456号,酒店,三亚市,150,4.5,经济型,109.499878,18.2702,899
B0FFF6X4EB,三亚走走停停酒店(三亚大东海店),下洋田大真岭巷2号,招待所,三亚市,150,4.4,经济型,109.520529,18.228513,899
B03830177O,三亚京亚公寓,商品街5巷34号,招待所,三亚市,120,4.2,"民宿,低价实惠",109.514813,18.246659,899
B038300CL2,三亚万吉度假公寓,解放四路嘉盛花园2层万吉度假主题公寓(月川桥往农垦医院方向走100米),招待所,三亚市,380,4.7,公寓式酒店,109.498362,18.265169,899
B03830N5R6,三亚林海海景公寓,三亚湾路37号昌达雅华香榭花园C栋二单元,招待所,三亚市,180,4.2,民宿,109.496873,18.257387,899
B0383017BO,三亚南都商务酒店,商品街一巷18号,酒店,三亚市,150,4.1,"经济型,低价实惠",109.513911,18.245192,899
B0383010SN,清雅主题酒店(三亚湾凤凰岛胜利购物广场店),团结路25号,酒店,三亚市,150,4.2,"经济型,低价实惠",109.501861,18.254079,899
B0FFGJQY01,哪里那里海岸精品客栈(三亚亚龙湾店),吉阳镇亚龙湾六盘村内,招待所,三亚市,380,4.5,"客栈,亲子酒店",109.624882,18.250987,899
B0383017HZ,猪小弟海景度假公寓,大东海海花路金茂海景花园3栋409室,招待所,三亚市,120,4.6,青年旅舍,109.520029,18.222576,899
B038300YPN,蓝天国际青年旅舍(三亚大东海店),大东海海韵路蓝海巷1号,招待所,三亚市,80,4.0,"青年旅舍,海滨风光",109.522085,18.222612,899
B038300BFB,华利旅馆(翠景蓝湾南),吉阳镇亚龙湾路下新村28号,招待所,三亚市,80,4.0,"旅馆,低价实惠",109.588427,18.281301,899
B03830MRD8,悦海好家酒店(三亚解放路步行街汽车总站店),解放路360-11号,经济型连锁酒店,三亚市,150,3.9,"经济型,低价实惠",109.506098,18.245079,899
B0383016YO,三亚海茹兰宾馆,解放路524号汽车大厦9层,三星级酒店,三亚市,180,4.0,"旅馆,低价实惠",109.504981,18.250429,899
B0383011GU,金玛crush·轻奢主题酒店(海旅免税城店),荔枝沟二组74号附近,酒店,三亚市,180,3.6,旅馆,109.526312,18.296737,899
B03830NLBF,三亚君豪商务快捷酒店(商品街店),商品街三巷34号,酒店,三亚市,150,3.6,经济型,109.514514,18.245962,899
B0FFLQCL8W,天涯海角温情驿栈(马岭街5号分店),马岭社区东二街铁路巷358号(天涯邮政公交车站上面),招待所,三亚市,120,4.4,"客栈,低价实惠",109.334225,18.304575,899
B0FFFLX4F7,三亚星悦度假酒店(千古情店),荔枝沟路139号(农业银行北10米、千古情西北500米),招待所,三亚市,320,4.5,"度假酒店,低价实惠",109.52701,18.297239,899
B03830177I,华亭酒店(三亚湾椰梦长廊店),儋州三巷4号,酒店,三亚市,220,4.4,经济型,109.500476,18.25599,899
B0FFF36GEB,三亚南湾客栈,海棠湾林旺大道142号(光大银行旁),招待所,三亚市,120,4.7,"客栈,低价实惠",109.70345,18.312306,899
B03830NIG8,赣江之星快捷酒店(千古情店),南新街221号,酒店,三亚市,120,4.3,"经济型,低价实惠",109.523957,18.295122,899
B038300CTN,新兴花园大酒店,三亚河东路451号,四星级酒店,三亚市,480,4.3,高档型,109.500426,18.269489,899
B03830MOIF,新宇iio·智能酒店(三亚湾解放路步行街店),市中心解放三路669号明珠广场对面,商务酒店,三亚市,320,4.2,"商务酒店,购物便捷",109.502903,18.257193,899
B03830NVVY,晨阳驿站(三亚天涯店),天涯镇马岭社区东二街铁路二巷357号,酒店,三亚市,120,4.1,客栈,109.334288,18.304414,899
B038300YPZ,三亚观来酒店,解放一路122号,酒店,三亚市,220,3.9,经济型,109.507371,18.238853,899
B0FFFHZ0T7,三亚金凤凰精品海景度假公寓,新浪国际公馆保安亭方向直走30米,三星级酒店,三亚市,380,4.8,公寓式酒店,109.493778,18.263097,899
B0H6P6J1ZH,三亚邻海青年旅社(三亚湾店),胜利路东宏花园A栋3单元505室,酒店,三亚市,80,4.1,青年旅舍,109.503127,18.247524,899
B0FFFLZSF7,三亚帕尔美纳国际度假公寓(三亚湾店),海坡旅游区鲁能新城路国航帕尔美纳A栋404,酒店,三亚市,380,4.3,公寓式酒店,109.424717,18.291568,899
B0383017IT,三亚巴哥度假屋,三亚湾路10号兰海花园1期A座3B,酒店,三亚市,380,4.9,"民宿,海滨风光",109.488856,18.267262,899
B0FFFGNUQS,三亚嫒尚酒店(商品街店),商品街5巷3号陈学波住宅楼,快捷酒店,三亚市,150,4.1,"快捷酒店,低价实惠",109.513234,18.24652,899
B0383011IK,三亚方正湖酒店(亚龙湾店),吉阳镇转盘右边300米,酒店,三亚市,220,4.2,经济型,109.590693,18.280569,899
B0FFGJQWAO,三亚湾温馨之家公寓(三亚湾路分店),三亚湾路156号美丽新海岸小区1栋3单元301室,酒店,三亚市,150,4.2,公寓式酒店,109.456917,18.286831,899
B0KG964IT6,易宿国际青年旅舍(三亚步行街海景店),解放二路524号汽车大厦10楼,招待所,三亚市,85,4.4,青年旅舍,109.505004,18.250451,899
B0FFFGPZ4N,速8精选酒店(三亚湾椰梦长廊店),铁路东巷40号,经济型连锁酒店,三亚市,220,4.8,"舒适型,购物便捷",109.500005,18.257412,899
B0FFLHWKMZ,三亚得居圣岛旅租,龙江风情小镇,招待所,三亚市,120,4.3,"青年旅舍,低价实惠",109.709987,18.336591,899
B0383011CK,三亚义德隆宾馆,春园路春园海鲜广场河西路154号,酒店,三亚市,120,4.5,"经济型,低价实惠",109.50429,18.259873,899
B0FFFGPYU8,三亚悦访酒店(三亚湾步行街店),河西路221号,酒店,三亚市,150,3.9,旅馆,109.505559,18.256375,899
B0FFHFX031,伊鑫旅租,高峰路与凤凰路的交汇处南5米(清真东寺东侧),酒店,三亚市,120,4.2,"经济型,低价实惠",109.446199,18.300041,899
B0K2HUHPPU,贝壳酒店(解放碑洪崖洞店),解放碑街道五四路赛格尔大厦第10楼1017,经济型连锁酒店,重庆市,150,4.4,"住宿服务,宾馆酒店,经济型连锁酒店",106.577003,29.55906,23
B00178USKE,江畔假日酒店,三合街道滨江东路4号,酒店,重庆市,150,4.8,经济型,107.734049,29.871596,23
B001787U3C,朗瑞商务酒店,石桥铺渝州路19号(近赛博数码城),酒店,重庆市,150,4.9,经济型,106.483443,29.533155,23
B001786PUY,双星宾馆(双星大道),金剑路219号附2号,酒店,重庆市,120,4.2,"经济型,低价实惠",106.232831,29.574678,23
B0FFFAJIU1,天豪宾馆(重庆五里店店),建新东路295号远银大厦,招待所,重庆市,120,4.9,经济型,106.557604,29.579247,23
B001786K8H,绿梦酒店(重庆江北国际机场店),双龙大道472号(双龙地铁站1号口步行380米),快捷酒店,重庆市,150,4.3,快捷酒店,106.622253,29.699451,23
B0LUF1V0B2,雅悦酒店(原都市118酒店),百城街91号附325号,经济型连锁酒店,重庆市,150,5.0,"住宿服务,宾馆酒店,经济型连锁酒店",108.404942,31.171461,23
B00178YR0J,7天连锁酒店(重庆永川客运中心站店),内环南路611号,经济型连锁酒店,重庆市,120,4.3,"经济型,7天特惠",105.901374,29.342905,23
B0FFHBXYN1,深度精品酒店,上清寺街道中山三路171号,招待所,重庆市,150,4.8,"经济型,低价实惠",106.547775,29.559339,23
B001795TE3,7天连锁酒店(重庆黔江交西路店),交通路561号,经济型连锁酒店,重庆市,120,4.8,"经济型,7天特惠",108.777256,29.523633,23
B001792ZKJ,嘉华时尚酒店(丰都鬼城店),三合街道平都大道西段123号3楼,酒店,重庆市,120,4.8,经济型,107.725479,29.862149,23
B0FFG1DYYU,易佰酒店(重庆观音桥九街店),兴隆路5-1-5,经济型连锁酒店,重庆市,150,4.2,经济型,106.539419,29.579031,23
B0FFGS9036,骑士酒店(重庆观音桥红旗河沟地铁站店),洋河三村1号(红旗河沟地铁站4号口步行450米),酒店,重庆市,150,4.8,经济型,106.52852,29.585568,23
B00170I3TN,鑫梦酒店(重庆杨家坪万象城店),石坪桥后街1号(石坪桥地铁站2B口步行140米),酒店,重庆市,150,4.6,"经济型,浪漫约会",106.504571,29.515116,23
B0FFFEFCS1,易佰酒店(重庆观音桥步行街观音桥地铁站店),建新西路2号北城艺术大厦9层(观音桥地铁站1号口步行80米),经济型连锁酒店,重庆市,150,4.5,快捷酒店,106.532639,29.572247,23
B0FFFFKOD2,布丁酒店(重庆龙头寺火车北站店),泰山大道东段62号动力国际B座8层,经济型连锁酒店,重庆市,120,4.3,"经济型,低价实惠",106.55414,29.60383,23
B0FFFFANRS,布丁酒店(重庆解放碑洪崖洞步行街店),帝都广场写字楼A栋11层(小什字地铁站6号口步行230米),经济型连锁酒店,重庆市,150,4.3,经济型,106.580246,29.55995,23
B0FFFR54IP,布丁酒店(重庆杨家坪轻轨站动物园店),前进路38号西郊大厦5层停车场,经济型连锁酒店,重庆市,120,4.4,"经济型,低价实惠",106.512691,29.506438,23
B0FFFAJPKL,瑞洁酒店(解放碑洪崖洞店),西来寺4号西南图书大厦15层,酒店,重庆市,220,4.4,经济型,106.571594,29.558192,23
B0FFG03UCJ,渝盛酒店(解放碑得意潮馆店),民生路四贤巷3号青鸟大厦5楼,酒店,重庆市,150,4.4,"经济型,低价实惠",106.57327,29.554722,23
B001792Z8S,盘龙酒店(重庆长寿汽车客运总站店),桃花大道24号,快捷酒店,重庆市,120,4.9,快捷酒店,107.080461,29.839752,23
B001797LH9,重庆艾夫酒店(南坪步行街万达广场店),江南大道8号万达广场4栋时尚楼6层(轻轨3号线南坪站6出口),三星级酒店,重庆市,220,4.8,经济型,106.569942,29.525077,23
B001795TLJ,斯普兰精品酒店(江北国际机场店),渝航路141号(渝北广场地铁站1A口步行180米),酒店,重庆市,220,4.6,经济型,106.63297,29.719459,23
B001790LS5,美宜登酒店,国本路147号附3号(距离国本路公交站200米),三星级酒店,重庆市,160,4.7,经济型,108.366166,30.815827,23
B00170BSZ0,凤凰丽都连锁酒店(重庆轻轨6号线花卉园站店),松树桥花卉园西二路7号(花卉园地铁站2C口步行290米),经济型连锁酒店,重庆市,150,4.7,经济型,106.510993,29.581246,23
B00178X5S5,美丽花园酒店(重庆大学城熙街店),美丽熙街二期18号楼1层,酒店,重庆市,150,4.3,经济型,106.30365,29.60438,23
B00178UVRG,央航金鼎酒店(重庆长寿客运总站店),凤城街道金山街27号,商务酒店,重庆市,220,4.7,商务酒店,107.078869,29.83996,23
B00170I2UO,重庆文德酒店(四公里地铁站店),南坪镇青龙路96号附7号四公里永辉超市楼上3号楼,酒店,重庆市,150,4.1,经济型,106.574112,29.511371,23
B0FFHQEUAM,北欧尚品酒店(重庆观音桥步行街店),观音桥建新南路21号-煌华晶萃城1栋3楼,酒店,重庆市,220,4.3,舒适型,106.536066,29.570004,23
B0FFIBZYT5,布丁酒店(重庆大坪医院地铁站店),"大坪正街8号(近大坪小学,距大坪医院30米)",经济型连锁酒店,重庆市,120,4.5,经济型,106.519332,29.54077,23
B0FFGFWBWE,艾希酒店(重庆解放碑较场口地铁站店),中兴路7号渝亚大厦3楼(较场口地铁站4号口步行60米),商务酒店,重庆市,220,4.0,商务酒店,106.571865,29.552458,23
B0LB4S0JWU,海友酒店(重庆沙坪坝火车站三峡广场店),汉渝路16号,酒店,重庆市,150,4.8,"住宿服务,住宿服务相关,住宿服务相关",106.466269,29.558074,23
B00170IGAI,秀山大酒店,双凤街21号,三星级酒店,重庆市,220,4.6,经济型,108.995856,28.434751,23
B0FFF0DOXJ,重庆港丽酒店(南坪会展中心店),南坪江南大道7号1栋(工贸地铁站1号口步行190米),酒店,重庆市,150,4.3,经济型,106.565751,29.531601,23
B0FFF0ELZO,英才假日酒店,开州大道117号新天地广场A栋4层,三星级酒店,重庆市,220,4.9,经济型,108.403304,31.168701,23
B0FFHMCU4C,7天酒店(重庆鱼洞步行街都汇里店),巴县大道25-1号,经济型连锁酒店,重庆市,120,4.7,"经济型,7天特惠",106.526974,29.379719,23
B0FFIIXZG5,雅斯特酒店(重庆陈家坪地铁站店),陈家坪石杨路66号玖城壹号8栋12-16层,酒店,重庆市,220,4.7,舒适型,106.486119,29.520948,23
B001706IAR,荣华大酒店,长城路616号,三星级酒店,重庆市,280,4.6,三星级酒店,106.254273,29.270428,23
B001786QMP,7天连锁酒店(重庆沙坪坝步行街高铁站店),小龙坎新街74号金沙国际大厦8楼,经济型连锁酒店,重庆市,150,4.6,"经济型,7天特惠",106.463706,29.55888,23
B00178VTUC,7天连锁酒店(重庆沙坪坝重庆大学店),渝碚路222号附1号,经济型连锁酒店,重庆市,150,4.2,"经济型,7天特惠",106.454588,29.562936,23
B00170I0UO,7天酒店(重庆沙坪坝高铁站三峡广场店),汉渝路43号9楼-12楼,经济型连锁酒店,重庆市,150,4.2,"经济型,7天特惠",106.468675,29.559301,23
B00170L60Y,7天优品酒店(重庆观音桥华新街轻轨站店),建新南路18号城市领地A座(华新街地铁站2号口步行220米),经济型连锁酒店,重庆市,150,4.3,"经济型,7天特惠",106.536883,29.565905,23
B001797LTM,星豪鸿连锁酒店(重庆观音桥星光68店),建新北路26号光宇大厦7层,酒店,重庆市,150,4.6,经济型,106.529934,29.579866,23
B0017875O8,7天优品Prenium酒店(重庆观音桥红旗河沟地铁站店),东和银都大厦红石路2号(红旗河沟轻轨站1号出口),商务酒店,重庆市,150,4.5,"商务酒店,7天特惠",106.526339,29.584034,23
B00178X799,如家酒店·neo(重庆江北国际机场渝北广场地铁站店),双凤路178号,经济型连锁酒店,重庆市,160,4.5,快捷酒店,106.630531,29.725003,23
B00178366G,橡树林酒店(重庆南坪商业中心区回龙湾店),青龙路38号,酒店,重庆市,160,4.8,"经济型,疫情轨迹点",106.563293,29.51244,23
B0017875DO,汉马酒店(重庆万州万达广场店),王牌路68号,三星级酒店,重庆市,220,4.8,舒适型,108.379226,30.801487,23
B00178X3DW,7天酒店(重庆石桥铺地铁站店),陈家坪科园三街132号6楼,经济型连锁酒店,重庆市,150,4.7,"经济型,7天特惠",106.48991,29.527515,23
B0017875F8,橡树林酒店(龙湖时代天街重医附一院店),长江二路107号(大坪地铁站4B口步行240米),经济型连锁酒店,重庆市,160,4.7,经济型,106.517956,29.538205,23
B0FFHH449P,深圳民丰公寓,民治街道白石龙老村36栋,招待所,深圳市,80,2.6,经济型,114.03523,22.604551,755
B0FFGROFUS,青朴旅居公寓(深圳世界之窗店),沙河世纪广场C座14楼1402,招待所,深圳市,120,4.6,"旅馆,低价实惠",113.972074,22.53875,755
B0FFFLJLVP,栖游青年旅舍,振兴路113号新欣大厦B座4层,招待所,深圳市,80,4.3,经济型,114.082356,22.546309,755
B0FFGG7OI1,198精品酒店(深圳公明广场地铁站大仟里店),马田街道合水口社区金安路11号商业大厦1楼,酒店,深圳市,150,4.7,经济型,113.889427,22.781319,755
B0LUNR7QPT,喵喵岛纯女生青年旅社(六约地铁站店),龙岗大道1018号地铁锦上花园8栋13楼1301室,酒店,深圳市,60,5.0,青年旅舍,114.177194,22.632535,755
B0FFGKGAJP,新巢太空舱酒店(东门老街店),东门街道深南东路百货广场大厦西座6层,酒店,深圳市,80,3.6,"经济型,低价实惠",114.11836,22.543778,755
B0FFHIQWCQ,苏雅酒店(深圳国际会展中心福永凤凰山店),腾丰二路10号,酒店,深圳市,220,4.8,经济型,113.843308,22.682859,755
B0FFGX84E4,尚客优连锁酒店(深圳国际会展中心沙井西站店),沙井街道沙二社区海欣花园外侧A3栋110,经济型连锁酒店,深圳市,150,4.8,快捷酒店,113.794269,22.73677,755
B02F38SVJ9,平安住宿(深圳富联新村一区店),清龙路13号6号商铺,招待所,深圳市,80,4.1,"旅馆,低价实惠",114.036164,22.66643,755
B0FFG3UZYC,明珠商务公寓(深圳石岩浪心商业街店),宝石南路164号,酒店,深圳市,150,4.2,经济型,113.932617,22.677404,755
B02F38JHJ3,快8连锁酒店(深圳上南店),沙井街道广深路116号,经济型连锁酒店,深圳市,120,3.9,经济型,113.840811,22.72175,755
B0FFFYURWE,港天时尚公寓(深圳北站店),北站民康路口樟坑三区76栋,招待所,深圳市,150,4.6,经济型,114.039117,22.612068,755
B02F37VMR7,金泉宾馆,龙河路18号(龙城广场地铁站出入口步行310米),酒店,深圳市,120,3.6,经济型,114.255346,22.719006,755
B0FFGG7K2B,安永昌酒店(深圳国际会展中心宝和店),永和路37号骏丰工业区d1栋,酒店,深圳市,120,3.1,经济型,113.792717,22.685184,755
B0JG5RDIWE,万澳青舍(深圳东站店),金利路52号(长龙地铁站C2出口步行380米),酒店,深圳市,150,4.4,经济型,114.116571,22.606133,755
B0LUGCLFTJ,滨海拾光民宿,土洋中路46号,酒店,深圳市,380,4.9,民宿,114.405169,22.613712,755
B0FFK69M4G,城邦精品酒店(深圳石龙仔店),石岩镇石龙路石龙社区石龙仔新村一区40栋,招待所,深圳市,150,4.3,经济型,113.966705,22.697864,755
B02F37VJG5,福来登酒店(深圳国际会展中心桥头地铁站店),福永街道新田社区大洋路美盛新村2号,三星级酒店,深圳市,220,4.2,商务酒店,113.822635,22.694232,755
B0FFG4OIJU,星期一商务酒店(深圳国际会展中心福海西地铁站店),永和路45号,酒店,深圳市,150,4.1,经济型,113.790876,22.687022,755
B02F37WK09,福布斯酒店(桃园店),华宁路4号,三星级酒店,深圳市,320,4.0,商务酒店,113.991423,22.690284,755
B02F38JJAY,OYO快8连锁酒店(松岗立业店),立业路42-7号,经济型连锁酒店,深圳市,120,4.2,"经济型,浪漫约会",113.853634,22.768406,755
B0FFHFKGNK,欢乐精品酒店(玉律店),公明镇玉律村玉泉东路16-1,酒店,深圳市,150,4.5,经济型,113.902416,22.717409,755
B0FFHCPESL,贵宾舍酒店(深圳国际会展中心凤凰广场店),福永新田大道12号202,招待所,深圳市,150,4.5,经济型,113.830752,22.685781,755
B0FFG8P415,城邦精品酒店(上南店),沙井镇新桥村上南大街245号,酒店,深圳市,150,4.0,经济型,113.840222,22.720237,755
B0FFI7A44E,领航精品酒店(深圳龙华地铁站店),和平东路祥龙大厦7单元(龙华地铁站A口步行380米),酒店,深圳市,150,4.5,经济型,114.025951,22.653926,755
B0FFH98KRN,城邦公寓,观澜大道508号(观澜汽车站附近),酒店,深圳市,120,3.8,经济型,114.062469,22.72069,755
B0FFJHCICA,深圳红星连锁酒店,松瑞路54号,酒店,深圳市,150,4.1,经济型,113.837979,22.763349,755
B0FFGJQKCH,章华宾馆(深圳公明地铁站大仟里店),公明镇长春中路富豪花园B区1栋,酒店,深圳市,120,4.0,"旅馆,低价实惠",113.893725,22.777834,755
B0FFI624TM,七橙酒店(深圳北站民治店),民治大道241号民泰大厦东侧3层,酒店,深圳市,150,3.6,经济型,114.042332,22.613717,755
B02F305M10,深圳富都宾馆(罗湖口岸火车站店),人民南路1007房地产大厦3层,酒店,深圳市,150,3.5,经济型,114.118311,22.534573,755
B02F37WDT0,快8连锁酒店(深圳松岗店),松岗街道松明大道155号,经济型连锁酒店,深圳市,120,4.4,快捷酒店,113.835861,22.765386,755
B0FFG1C2QP,深圳东巴精品酒店,长圳路1号,酒店,深圳市,150,4.2,经济型,113.908142,22.717838,755
B0FFG2ANH3,徽商168酒店,观澜街道桔坑路34号,酒店,深圳市,120,3.4,经济型,114.011627,22.729928,755
B0FFH9W1GL,深圳今日酒店,光明新区公明镇西田村社区别墅区一巷3栋,酒店,深圳市,150,4.6,经济型,113.898569,22.801664,755
B02F38JKNZ,荔湖酒店(深圳石岩店),石岩街道松白路西2号(石岩汽车站往西100米),酒店,深圳市,150,3.9,经济型,113.926781,22.684811,755
B0FFH0YRWX,优品酒店(深圳机场T3航站楼店),航城街道黄田岗贝工业区17号,三星级酒店,深圳市,220,4.3,"经济型,7天特惠",113.848359,22.628217,755
B0FFHDVPBJ,深圳万山酒店(国际会展中心桥头西地铁站店),福永街道永和路31号(靠近福永国际会展中心),酒店,深圳市,150,4.2,经济型,113.792805,22.681984,755
B0FFFEV801,深圳六六商务宾馆石岩径贝村店,石岩街道径贝社区松柏路西44号,酒店,深圳市,120,4.2,经济型,113.921461,22.689723,755
B02F301BDA,深圳三阳酒店(深圳双龙地铁站店),龙兴街1号(双龙地铁站A口步行340米),酒店,深圳市,150,4.4,经济型,114.274201,22.727704,755
B0FFK5D5T3,深发宾馆(深圳布吉大芬油画村店),深惠路大芬沃尔玛南50米附近,招待所,深圳市,120,4.2,经济型,114.136283,22.611186,755
B02F37UJOJ,深圳西部明珠商务酒店,蛇口南水村68号二三楼,商务酒店,深圳市,220,4.2,商务酒店,113.924881,22.488906,755
B0LDO1Z6TN,润景精品酒店酒店,宝安区光明新区公明镇民生路86号,酒店,深圳市,150,4.9,经济型,113.902002,22.784243,755
B0FFHQDKNE,深圳驿家青旅,科兴路10号汇景豪苑海悦阁14层,招待所,深圳市,80,4.3,"青年旅舍,低价实惠",113.943836,22.541123,755
B0J0YOKJW0,瑞洛国际酒店(深圳宝安机场福永地铁站店),福海综合楼西北门旁,酒店,深圳市,220,4.6,经济型,113.811211,22.673347,755
B0FFF454W8,山景酒店(凤凰山店),台湾美食街13栋,酒店,深圳市,150,4.5,经济型,113.84673,22.684178,755
B0FFH9Q1M9,深圳暖心青年旅社(深大科技园店),科技园科兴路11号深南花园A座26D,酒店,深圳市,80,4.6,"经济型,低价实惠",113.944745,22.540868,755
B0FFFPA05H,深圳拉菲酒店(蛇口老街海上世界店),蛇口街道蛇口老街108号(蓝漪花园停车场对面),酒店,深圳市,150,4.0,经济型,113.927353,22.485905,755
B0LULC833A,怡景玥途酒店(深圳石岩汽车站店),宝石西路108号(石岩汽车站旁),经济型连锁酒店,深圳市,150,3.9,"住宿服务,宾馆酒店,经济型连锁酒店",113.929762,22.68327,755
B02F38PWP5,深圳金福宾馆,福永街道白石厦路20号(永福医院旁),快捷酒店,深圳市,120,4.0,"快捷酒店,低价实惠",113.827845,22.675593,755
B0GRGRP19Q,领航花园酒店(深圳大仟里坪洲地铁站店),西乡街道劳动路永丰社区A4栋(近地铁1号线坪洲地铁站、宝安大道),酒店,深圳市,220,4.6,经济型,113.870925,22.573877,755
B0FFFTKSWG,广州顺发旅馆火车站,站西路87号(广州火车站地铁站E口步行440米),招待所,广州市,80,4.6,"家庭旅馆,低价实惠",113.253226,23.151245,20
B0LDO507UN,维也秀酒店(广州花都炭步店),炭步镇花都大道西188号1楼,酒店,广州市,150,4.9,经济型,113.10969,23.334273,20
B0GD5C5DAH,金登酒店(广州花都狮岭皮革城店),狮岭大道西68号,酒店,广州市,160,4.9,经济型,113.1757,23.45343,20
B00140W8PE,品尚商务酒店,机场路1948号(黄石立交往北100米右侧),三星级酒店,广州市,220,4.2,经济型,113.264021,23.207134,20
B0FFL2WRMY,赛楠酒店(广州增城万达挂绿广场店),挂绿路9号首层102,酒店,广州市,220,4.8,主题酒店,113.832961,23.289092,20
B0FFGL12UI,星亚酒店(广州北站店),新街大道61-1(近布心牌坊、距广州北站地铁A出口200米),经济型连锁酒店,广州市,150,4.8,"经济型,低价实惠",113.196722,23.377015,20
B0FFGIDB3V,文星酒店(白云火车站新市墟地铁站店),机场路1532号(新市墟地铁站A口步行390米),经济型连锁酒店,广州市,150,4.9,经济型,113.264001,23.196951,20
B0FFKQ9KEL,梵悦酒店(广州新白云国际机场体验店),高增村高和北二巷11号,商务酒店,广州市,220,4.8,商务酒店,113.306159,23.358177,20
B0FFKW7WH3,耐斯顿公寓(广州南站店),韦涌村田心大街七巷一号,酒店,广州市,120,4.2,"公寓式酒店,低价实惠",113.26641,22.980445,20
B0014075CF,金港酒店(广州南沙进港大道店),金洲进港路117号,三星级酒店,广州市,220,4.1,经济型,113.551882,22.800373,20
B0FFGIBBXA,广州南站壹号公寓,广州市番禺区石壁街道韦涌村田心大街十一巷9号,快捷酒店,广州市,120,3.8,"快捷酒店,低价实惠",113.266424,22.98118,20
B0K6FRSQ93,艺龙瑞云酒店(广州东汇城万达广场店),荔城街荔乡路68号,酒店,广州市,220,4.8,经济型,113.821798,23.282481,20
B0KU61V1YJ,维尔顿轻享美宿(广州白云国际机场店),花东镇商达街90号,酒店,广州市,150,4.8,经济型,113.320572,23.435017,20
B0JKSH3GDH,欧尔曼酒店(增城万达广场东汇城店),荔城街观翠路10号,酒店,广州市,220,4.8,经济型,113.821067,23.28432,20
B0FFLF20DX,菲航·优选(广州新白云机场旗舰店),矮岗南街西一巷3-1号,酒店,广州市,150,4.7,经济型,113.287202,23.356795,20
B0FFM1EOBQ,文星希悦酒店(广州白云火车站黄石店),黄石西路马务商业美食街38号A栋,快捷酒店,广州市,220,4.8,快捷酒店,113.256132,23.206086,20
B00140CA2A,荔明优客酒店(广州增城挂绿广场店),荔城大道8号(近挂绿广场),酒店,广州市,160,4.8,经济型,113.829761,23.291978,20
B0FFIMPG4D,米豆商务公寓(广州天河智慧城地铁站万科云城米酷店),万科云城米酷C5栋101,酒店,广州市,150,4.8,经济型,113.4083,23.165942,20
B0GRK163YX,华都精选美宿(广州白云国际机场店),花东镇商达街25号,招待所,广州市,120,4.2,旅馆,113.321037,23.434326,20
B0LAPRM4TV,希雅酒店(广州番禺沙湾古镇店),沙湾镇中华大道134号,酒店,广州市,160,4.8,经济型,113.340678,22.902304,20
B0J2SZMDYS,亦是酒店(广州永庆坊上下九步行街店),宝华路49号宝华豪庭一楼,酒店,广州市,220,4.8,经济型,113.241547,23.11445,20
B00140W8JR,广州宏源时尚酒店(南岗万达广场逸富广场店),新塘镇广深大道西635号,快捷酒店,广州市,220,4.8,快捷酒店,113.550461,23.108276,20
B0FFG2USFY,7天连锁酒店(广州街口镇北路店),街口镇北路26号之二,经济型连锁酒店,广州市,150,4.5,"经济型,7天特惠",113.590654,23.551329,20
B0FFLHY9NF,博蔓时尚公寓,石韦路85号,招待所,广州市,150,4.8,公寓式酒店,113.270386,22.997263,20
B0FFFAID3V,尚都酒店(广州黄埔南岗地铁站店),黄埔东路3631号(南岗地铁站E口步行190米),快捷酒店,广州市,220,4.5,快捷酒店,113.539745,23.093518,20
B00141J193,广州怡安旅馆,鹤洞路203-209号3层,招待所,广州市,80,3.8,"旅馆,低价实惠",113.24057,23.072303,20
B0FFLIIDJW,妃子笑酒店(广州增城沙村地铁站店),新塘大道西391号,商务酒店,广州市,220,4.5,商务酒店,113.581679,23.110437,20
B0G304H6X1,小小之家臻品社区,港口大道317-319号,酒店,广州市,150,4.7,民宿,113.604519,23.120268,20
B0G2CLB8UX,加州主题美宿(广州新白云机场店),花东镇商达街108号,酒店,广州市,220,4.4,"主题酒店,情侣酒店",113.320339,23.433528,20
B0H1UO04RA,卡尔曼国际公寓(广州万科里店),黄埔东路融悦汇C1栋大堂,酒店,广州市,320,4.7,公寓式酒店,113.531914,23.092331,20
B0JDFCTRUQ,枫林印象公寓(广州南沙塘坑地铁站店),环市大道西110号1楼,酒店,广州市,120,5.0,经济型,113.564232,22.753653,20
B0LBD7Y5S6,亿致酒店(广州番禺长隆大石城店),大石街道富石路33号,酒店,广州市,160,4.6,经济型,113.311231,23.027557,20
B0LDJHU1BX,希城酒店(广州南沙万达广场金洲地铁站店),惠康街83号金洲商业大厦F10层,酒店,广州市,220,4.6,经济型,113.547676,22.80209,20
B00140UV2C,粤阳酒店(江南西仲恺学院店),前进路蟠龙东1号(近小港公园正门斜对面)粤阳宾馆,酒店,广州市,150,4.4,经济型,113.282537,23.100075,20
B00141KCHN,华业精品酒店(广州增城挂绿广场店),挂绿路2号挂绿广场7楼,酒店,广州市,150,4.4,经济型,113.833282,23.290952,20
B0IDFSHGU4,速8酒店(广州高铁北站花城路地铁站店),站前路27号,经济型连锁酒店,广州市,150,4.3,商务酒店,113.203312,23.382241,20
B0JU5MCNJW,BM酒店(增城永宁南站店),新新七路80号,酒店,广州市,150,4.4,经济型,113.591251,23.174844,20
B0FFLQ4FEY,金日丽舍(广州新白云国际机场店),矮岗村荔园十三巷4号,商务酒店,广州市,150,4.7,商务酒店,113.290934,23.359146,20
B00141KN2Q,丽东酒店(广州南沙万达广场金洲地铁站店),金沙路1号今洲广场F1,三星级酒店,广州市,320,4.7,商务酒店,113.54467,22.801187,20
B0KKFM7CEE,铂尔曼精选酒店(南岗万达店),南岗街道万荟珑寓1号楼205房,酒店,广州市,380,4.4,民宿,113.549469,23.098463,20
B0FFF3UUXS,广州飙峰酒店(花都湖店),"新华路153号,近兴华幼儿园",酒店,广州市,150,4.4,经济型,113.225704,23.379857,20
B0H1U12EIT,卡尔曼国际公寓(佳纷天地店),盛凯大街1号佳纷天地F5层,酒店,广州市,320,4.3,公寓式酒店,113.549347,23.104166,20
B0FFG59J65,轻住·博美精品酒店(广州南站店),石壁街道大洲村河边二巷4号(近广州南站),酒店,广州市,150,4.3,经济型,113.261182,22.987814,20
B00141JVXN,7天优品酒店,新塘镇新塘大道中203号,经济型连锁酒店,广州市,150,4.3,"经济型,7天特惠",113.606166,23.116098,20
B0H3MS8WW8,喜迎公寓(钟村地铁站店),钟村钟兴路24号-2,酒店,广州市,120,4.2,经济型,113.309861,22.988796,20
B0I3F124ZL,梦思园·标尚酒店(广州钟村地铁站店),嘉胜路17号金丰时代F1层,酒店,广州市,150,4.3,经济型,113.313467,22.976456,20
B0KBPAZOS5,艾陌酒店(广州白云站百信广场店),南街萧岗连元西街4号连元大厦7层(近百信广场、白云文化广场地铁站),酒店,广州市,220,4.0,经济型,113.263921,23.190233,20
B0KA25EKFS,智营·天梦酒店(广州上下九步行街西门口地铁站店),惠福西路13-19号二楼,酒店,广州市,150,4.0,经济型,113.253995,23.121106,20
B0K3YSDIDZ,广州名城酒店(从化碧桂园1960店),街口街西宁中路朝阳街33号,快捷酒店,广州市,150,4.1,快捷酒店,113.589244,23.549767,20
B0FFH32TBL,文景快捷公寓(广州南站店),石三村华海路1号,酒店,广州市,120,4.1,"公寓式酒店,低价实惠",113.270018,22.996724,20
B02000IR6D,都市118(苏州观前街拙政园店),临顿路西花桥巷1号(悬桥巷地铁站2号口步行380米),经济型连锁酒店,苏州市,150,3.1,快捷酒店,120.627875,31.317287,512
B02000IX1M,布丁酒店(苏州观前察院场地铁站店),人民路1359号(察院场地铁站1B西南口旁),快捷酒店,苏州市,120,3.9,"快捷酒店,低价实惠",120.621217,31.310099,512
B020016KVT,布丁精选酒店(苏州观前街察院场地铁站店),景德路98号(察院场地铁站1A西南口步行310米),经济型连锁酒店,苏州市,150,4.3,经济型,120.618599,31.31112,512
B02001BNHM,苏州雅乐宾馆,迎春路430号(汽车南站出口向南约500米),酒店,苏州市,120,4.4,"旅馆,低价实惠",120.638679,31.276531,512
B0FFH0X348,苏州上善若水青年旅舍(观前街乐桥地铁站店),人民路嘉余坊41号乐桥地铁8号口,招待所,苏州市,80,4.3,"青年旅舍,低价实惠",120.62048,31.307893,512
B0200178DP,易佰连锁旅店(苏州石路广济南路地铁站店),阊胥路124号2幢,经济型连锁酒店,苏州市,120,4.6,经济型,120.607543,31.303297,512
B020018ASO,百时快捷酒店(苏州火车站北寺塔店),桃花坞大街85号(北寺塔西150米),经济型连锁酒店,苏州市,120,4.3,"经济型,低价实惠",120.617436,31.320698,512
B020017C1P,布丁酒店连锁,人民南路36号,经济型连锁酒店,苏州市,120,3.9,"经济型,低价实惠",120.958041,31.368331,512
B0FFG6A8V5,布丁酒店(苏州吴中汽车站店),广建路10号(石湖东路地铁站2号口步行420米),经济型连锁酒店,苏州市,120,4.1,经济型,120.630449,31.248591,512
B020017FBF,布丁酒店(昆山柏庐路店),柏庐路366号,经济型连锁酒店,苏州市,120,3.6,"经济型,低价实惠",120.965133,31.381585,512
B02000IR1K,新东吴珍珠大酒店,西园路4号,三星级酒店,苏州市,220,4.5,经济型,120.587322,31.317021,512
B02001BNIS,昆山时代宾馆,青阳北路时代名苑18栋5层(近萧林东路),快捷酒店,苏州市,120,3.2,"快捷酒店,低价实惠",120.994251,31.404943,512
B0J2DRLTDD,窄遇见设计师服务青旅(苏州观前街平江路店),人民路1309号(察院场地铁站1B西南口步行190米),招待所,苏州市,85,4.8,青年旅舍,120.621338,31.308784,512
B02000JX34,光明宾馆(火车站高铁南站店),合兴路757号,招待所,苏州市,120,4.4,旅馆,120.960306,31.367248,512
B02001BNRE,昆山友创宾馆,陆家镇金阳西路2号宜家花园旁,酒店,苏州市,120,4.5,"经济型,低价实惠",121.004746,31.341932,512
B0FFFV37AG,君悦酒店(苏州越溪国际教育园店),君悦酒店,酒店,苏州市,160,4.3,主题酒店,120.587969,31.214405,512
B02001H6NR,苏州小雅青年旅舍,大新桥巷21-1号,招待所,苏州市,80,4.4,"经济型,低价实惠",120.63545,31.315437,512
B02001C4EX,都市118优选酒店(养育巷观前街山塘街店),养育巷349号慕家花园1号,经济型连锁酒店,苏州市,150,4.4,快捷酒店,120.615568,31.308881,512
B020015ZT6,昆山福来宾馆(高铁南站店),玉山镇枫景苑商业街26号,酒店,苏州市,120,4.4,"经济型,低价实惠",120.953743,31.347091,512
B02000JTMX,富士宾馆(紫竹路),紫竹路1286号(富士康集团附近),酒店,苏州市,120,4.3,经济型,120.960138,31.419332,512
B0H167Z92T,昆山尚优宾馆,陆家镇富荣路331号397,酒店,苏州市,120,4.9,经济型,121.035583,31.317339,512
B02000IR6B,丽花苑宾馆(苏州观前街平江路店),旧学前94号(悬桥巷地铁站1号口步行300米),酒店,苏州市,150,4.4,经济型,120.62568,31.313897,512
B0200085CT,枫林宾馆(常熟店),枫林路111号(城北食府对面),酒店,苏州市,120,4.4,"经济型,低价实惠",120.747118,31.656515,512
B0FFI4AXN8,锦荷商务宾馆(苏州火车站平江万达广场店),锦荷苑10幢101,快捷酒店,苏州市,120,4.0,快捷酒店,120.620344,31.336536,512
B02001990E,易佰连锁旅店(苏州汽车南站店),迎春路252号,招待所,苏州市,120,4.3,"经济型,低价实惠",120.638823,31.273478,512
B02000HXIU,苏州水玲宾馆,马医科18号(察院场地铁站1B西南口步行150米),酒店,苏州市,120,4.3,"经济型,低价实惠",120.620637,31.309609,512
B0200067SG,苏州渭塘宾馆,渭星街5号,快捷酒店,苏州市,120,4.3,快捷酒店,120.648925,31.466118,512
B0FFIOX528,佳和宾馆(苏州火车站北广场店),苏站西路新天地家园719-727号(锦盛源饭店隔壁),酒店,苏州市,120,4.2,经济型,120.601596,31.330333,512
B0FFHOL1YN,留驿阁宾馆(苏州观前街凤凰街店),凤凰街242号(临顿路地铁站1号口步行460米),酒店,苏州市,150,4.1,经济型,120.632389,31.305009,512
B0FFFF6OPK,99旅馆连锁(常熟方塔园八佰伴店),环城南路5号,经济型连锁酒店,苏州市,120,4.1,"经济型,低价实惠",120.745402,31.637852,512
B0FFGWHNIB,华港宾馆(火车站南广场店),平四路87号(苏州火车站南广场对面),酒店,苏州市,120,4.1,"经济型,低价实惠",120.613451,31.326487,512
B0FFGAIS8B,科逸连锁酒店(苏州汽车南站店),南环东路781号(苏州汽车南站店广场西100米),酒店,苏州市,120,3.8,"经济型,低价实惠",120.634593,31.280089,512
B0FFHYPPYX,布丁酒店(苏州石路广济南路地铁站店),干将西路谈家南巷111号(地铁广济南路站2号出口向东30米),经济型连锁酒店,苏州市,120,3.8,经济型,120.602337,31.303182,512
B0FFG0VHYU,99旅馆连锁(苏州高新区淮海街沙金桥地铁站店),玉山路78号华达大厦3层,经济型连锁酒店,苏州市,120,3.8,经济型,120.564268,31.288693,512
B020019KZR,苏州百合宾馆,汇金新地2-111号,酒店,苏州市,120,4.2,"经济型,低价实惠",120.575872,31.252506,512
B020017RRD,宜家商务宾馆(少卿东路),少卿中路银泰花园1号,酒店,苏州市,120,4.6,经济型,121.013522,31.267564,512
B0FFHW4PQY,海之蓝宾馆(苏州拙政园博物馆店),齐门路194号,酒店,苏州市,120,4.0,经济型,120.626125,31.326977,512
B0FFFYJSWL,豪坤快捷宾馆,淀山湖镇淀兴路698号3层,酒店,苏州市,120,4.5,经济型,121.030305,31.181857,512
B0FFHXRATK,99优选酒店(苏州火车站北广场店),苏站西路1773号,经济型连锁酒店,苏州市,120,3.9,快捷酒店,120.602778,31.330506,512
B0200172DT,易佰良品酒店(苏大附一院十梓街店),十梓街467号,经济型连锁酒店,苏州市,150,4.4,"经济型,低价实惠",120.628212,31.301354,512
B02000K0IH,昆山悦心宾馆,庆丰东路367号(景枫嘉苑小区东北门旁),酒店,苏州市,120,3.9,经济型,120.994932,31.354747,512
B0FFI25U3G,苏州埃尔法酒店(广济南路地铁站山塘街景区店),干将西路699号(地铁12号线换乘站广济南路站6号出口东50米),商务酒店,苏州市,220,3.7,商务酒店,120.599135,31.303516,512
B020017T9B,苏州久久精品旅馆,木渎中山东路40号,经济型连锁酒店,苏州市,120,3.8,"经济型,低价实惠",120.525559,31.256009,512
B0I6B92E4C,布丁严选酒店(拙政园北寺塔地铁站店),白塔西路79号,经济型连锁酒店,苏州市,150,3.8,经济型,120.623856,31.317215,512
B0FFGWMDGJ,青年都市迷你酒店,干将东路776号(临顿路地铁站1号口步行280米),酒店,苏州市,120,3.8,经济型,120.628249,31.307878,512
B020006449,狮林宾馆(苏州拙政园店),白塔东路269号(近园林路),三星级酒店,苏州市,320,3.8,快捷酒店,120.630749,31.318432,512
B0KDFU7KQU,格兰美居酒店(苏州吴中兴昂路店),兴昂路99号,经济型连锁酒店,苏州市,160,3.6,经济型,120.619952,31.220639,512
B02000JRIX,苏州洋光商务宾馆,盛泽镇舜湖中路165号阳光大厦六楼,酒店,苏州市,120,3.7,"经济型,低价实惠",120.659518,30.901742,512
B020006GBB,樱桃宾馆,震川西路152号,快捷酒店,苏州市,120,3.6,"快捷酒店,低价实惠",120.954633,31.377449,512
B00190A8O3,锦江之星(南京火车站玄武湖钟阜路地铁站酒店),建宁路16号,经济型连锁酒店,南京市,160,4.2,经济型,118.775617,32.091288,25
B0KDLZRG9Q,熙住·新青年旅舍(钟山风景区苜蓿园地铁站店),中山门大街9号(苜蓿园地铁站2号口旁),招待所,南京市,85,5.0,经济型,118.833874,32.040121,25
B001909U63,南京景天宾馆(龙眠大道地铁站店),东山镇天元东路37号景山综合楼D03号,酒店,南京市,120,4.4,经济型,118.875604,31.940108,25
B00190Z6BR,登泰宾馆(南京火车站红山动物园店),小市街188号(小市地铁站向东200米),招待所,南京市,120,3.9,"经济型,疫情轨迹点",118.789895,32.093959,25
B0FFFHBOJX,栖七宾馆(南京火车站岗子村地铁站店),"板仓街90-3号(近南京林业大学,距蒋王庙地铁站956米)",酒店,南京市,120,4.7,"经济型,低价实惠",118.823038,32.071903,25
B00190BU42,九九聚家商务宾馆(南京站红山动物园店),龙蟠路37-1号,酒店,南京市,120,4.4,经济型,118.789097,32.090028,25
B0FFLDKG0K,天丰之星酒店(南京高淳老街店),淳溪镇通贤街41号,酒店,南京市,150,4.8,经济型,118.866536,31.320598,25
B0FFK9GRDN,南京星际青年旅舍(夫子庙中华路店),中华路363号中华园商住楼5层510室,酒店,南京市,80,4.3,青年旅舍,118.783899,32.019225,25
B001916JT4,苏商宾馆(南京龙眠大道地铁站店),天元东路783号(距离地铁龙眠大道站下来100米),酒店,南京市,120,4.3,经济型,118.871225,31.939423,25
B0FFFRGSNT,南京仙林公寓,"文枢东路仙林新村南区31幢106室,近学思路",酒店,南京市,120,4.5,民宿,118.912634,32.095411,25
B00190Z3Z7,布丁酒店(南京仙林大学城店),仙林大道118号a-21,经济型连锁酒店,南京市,120,3.6,经济型,118.928144,32.094203,25
B0KAC5TUJL,她说青年女生宿舍(南京新街口店),广州路12号3F(珠江路地铁站出入口步行120米),招待所,南京市,80,4.8,青年旅舍,118.782964,32.050345,25
B0K0ARTGUA,熙住青年旅舍(夫子庙熙南里店),白衣庵27号,招待所,南京市,80,4.8,青年旅舍,118.781479,32.027219,25
B0J0FUIDIH,石榴青年民宿(南京火车站店),韶山路288号小区4幢101室,招待所,南京市,120,4.8,民宿,118.800439,32.084524,25
B0LGF7NGQ4,咖居酒店(南京新街口张府园地铁站店),中山南路241-7号(近地铁1号线张府园站2号出口),经济型连锁酒店,南京市,160,4.4,经济型,118.784385,32.031518,25
B0K23ZUPAM,旷野青年旅舍(南京新街口店),珠江路222号2楼,招待所,南京市,80,4.9,青年旅舍,118.789715,32.049316,25
B00190Z5HC,易佰良品酒店(南京东南大学诚信大道地铁站店),诚信大道988-8栋殷巷华润苏果超市4楼,经济型连锁酒店,南京市,120,3.6,"经济型,低价实惠",118.831411,31.908806,25
B0FFG3A6EM,南京薪然宾馆(新街口店),秣陵路1-8-9号,酒店,南京市,120,4.3,"经济型,低价实惠",118.780323,32.035705,25
B00190Z9LR,南京明辉宾馆,黄家圩29号4幢104-105室,招待所,南京市,120,3.3,快捷酒店,118.795092,32.091324,25
B0G25ASAG4,7天连锁酒店(南京大厂步行街店),沿江工业开发区长冲步行街59号嘉泰大厦,经济型连锁酒店,南京市,150,4.0,"经济型,7天特惠",118.76335,32.231385,25
B001906F9I,南京大富豪宾馆(夫子庙店),夫子庙大石坝街69号,经济型连锁酒店,南京市,150,4.2,经济型,118.790392,32.01904,25
B0FFFA1SEA,Z+朝政宾馆(夫子庙店),太平南路330号2楼(常府街地铁站1号口步行80米),酒店,南京市,120,4.1,"经济型,低价实惠",118.791785,32.032273,25
B0G2AODS14,为来酒店公寓(迈皋桥地铁站店),,快捷酒店,南京市,150,4.1,快捷酒店,118.804859,32.103071,25
B00190B99G,南京儒家宾馆(成贤街东南大学四牌楼校区店),成贤街115号-7(东南大学医院正对门),酒店,南京市,150,4.1,经济型,118.795491,32.052145,25
B0FFG8RX1A,南京张进宾馆(夫子庙地铁站店),琵琶街一品嘉园1-8号,酒店,南京市,120,4.6,经济型,118.791989,32.019737,25
B0FFGROC90,南京枫叶精品公寓,明发商业广场1栋B1-2的3楼3503,酒店,南京市,120,4.0,"经济型,低价实惠",118.795369,31.97612,25
B0GDJG2S3B,美居美宿(马群紫金观邸店),中山门大街698号中垠紫金观邸1号楼,酒店,南京市,150,4.5,经济型,118.895714,32.047672,25
B001913Q3G,易佰连锁旅店(南京龙眠大道地铁站店),天元东路779号(江宁停车场),经济型连锁酒店,南京市,120,4.5,快捷酒店,118.871127,31.939344,25
B00190ZHTD,7天酒店(南京火车站新模范马路地铁站店),中央路280-1号,经济型连锁酒店,南京市,150,4.2,"经济型,7天特惠",118.784545,32.084101,25
B0K64AHYLS,如家睿柏·云酒店(南京江北虹悦城龙华路地铁站店),铂宫小区西南门西北110米,快捷酒店,南京市,160,5.0,快捷酒店,118.63456,32.06674,25
B00190ZBXO,鸿运酒店公寓(南京小市地铁站红山动物园店),百灵街25号复兴国际青年街区(近小市地铁站1号口),招待所,南京市,120,3.5,"公寓式酒店,低价实惠",118.787418,32.093088,25
B00190Z2KK,清沐酒店(南京江宁万达新亭路地铁站店),竹山路97号(新亭路地铁站3号口步行400米),经济型连锁酒店,南京市,160,4.8,经济型,118.8457,31.946832,25
B001913DUL,南京矿机招待所(总统府浮桥地铁站店),鸡鹅巷20号,招待所,南京市,120,4.3,招待所,118.791006,32.048705,25
B00190Z8V7,布丁酒店(南京火车站红山动物园店),和燕路63号,经济型连锁酒店,南京市,120,3.0,"经济型,疫情轨迹点",118.794795,32.096205,25
B0FFGVW1F3,骏怡连锁酒店(南京东南大学店),进香河路老虎桥37号,酒店,南京市,120,3.0,经济型,118.791559,32.051684,25
B00190AOAW,梅山宾馆,中华门外新建,三星级酒店,南京市,220,4.3,舒适型,118.628371,31.897779,25
B00190CSZ2,7天酒店(新7天南京玄武湖虹桥地铁站湖南路店),中山北路西流湾27号,经济型连锁酒店,南京市,150,4.3,"经济型,7天特惠",118.770393,32.072947,25
B00190YOM7,宏光酒店(南京新街口明瓦廊店),陆家巷1号(近陆家巷与明瓦廊交汇处),招待所,南京市,150,4.6,经济型,118.783117,32.037096,25
B00190YZ6D,7天酒店(南京长江大桥北地铁站店),江山路6号(金象朗诗红树林旁),经济型连锁酒店,南京市,150,4.1,"经济型,低价实惠",118.732738,32.126543,25
B0FFGPNWS6,布丁严选酒店(南京夫子庙地铁站景区店),太平南路585号(夫子庙地铁站3号口步行300米),经济型连锁酒店,南京市,150,4.2,快捷酒店,118.789473,32.024191,25
B0JAHSHSP1,城市便捷酒店(南京文德路地铁站研创店),江浦街道新理想家园M02栋,经济型连锁酒店,南京市,160,4.4,经济型,118.630751,32.051963,25
B0I6PMI0X8,轻奢坊公寓(南京尧化门店),尧化街道尧顺路峯汇里6栋1楼,酒店,南京市,150,4.0,公寓式酒店,118.887946,32.12516,25
B0J0CLEMA8,7天酒店(新7天·南京新亭路地铁站店),新亭路18号,经济型连锁酒店,南京市,150,4.3,经济型,118.854755,31.943351,25
B00190BS8Q,南京什么宾馆,紫金东路1号,快捷酒店,南京市,120,3.8,快捷酒店,118.836137,32.024348,25
B0FFFD1XIT,7天连锁酒店(南京夫子庙大光路店),大光路28号,经济型连锁酒店,南京市,150,4.0,经济型,118.814379,32.024179,25
B001906EYY,南京春雨商务宾馆(红山动物园店),黄家圩29号(南京站地铁站11号口步行340米),酒店,南京市,120,2.6,"经济型,低价实惠",118.795183,32.091606,25
B00190CWZP,格林豪泰酒店(南京火车站中央门店),建宁路16号-6栋,经济型连锁酒店,南京市,160,4.4,经济型,118.777102,32.091027,25
B00190CSZ0,7天酒店(南京玄武湖艺术学院虹桥地铁站店),水佐岗56号,经济型连锁酒店,南京市,150,4.5,"经济型,7天特惠",118.76499,32.071228,25
B001907HGH,展新宾馆(南京林业大学会展中心店),锁金北路锁金三村3号,招待所,南京市,120,3.7,招待所,118.813501,32.073614,25
B0FFF65LGE,厦门鑫美住宿,内茂二里3-1号经济实惠的宾馆性价比高的住宿旅游度假,酒店,厦门市,80,4.5,"民宿,低价实惠",118.042096,24.568688,592
B0FFL5NZVU,厦门君临致远旅社,东宅宅尾里70号,招待所,厦门市,80,4.3,旅馆,118.064683,24.621601,592
B0K6KR2MEH,厦门FPS电竞酒店,后溪镇珩山二里8号大都荟2栋A座0830室,酒店,厦门市,220,4.8,电竞酒店,118.078122,24.636047,592
B0FFLAWCK0,厦门祥来出租房,马巷镇巷东路83号,招待所,厦门市,80,3.9,旅馆,118.254528,24.664665,592
B0FFJ054Y7,北站和福客栈(天水路地铁站店),后溪镇后埯村田厝田南2-1,招待所,厦门市,120,5.0,旅馆,118.065912,24.626789,592
B0FFMF7AFJ,鑫佳缘宾馆(同安城南店),祥平街道银莲里286号,快捷酒店,厦门市,120,3.6,"快捷酒店,低价实惠",118.149043,24.720974,592
B025003IUL,芝阳酒店(厦门中山路步行街店),镇邦路17号,招待所,厦门市,120,3.5,旅馆,118.076227,24.454004,592
B0FFIC7S1D,厦门易居公寓,禾山街道围里社628号,招待所,厦门市,120,3.7,"旅馆,低价实惠",118.145262,24.527507,592
B0FFIC7S1E,厦门新阳光公寓(高崎国际机场板尚路店),坂尚路围里社723号宸鸿科技1号门斜对面,招待所,厦门市,120,4.0,民宿,118.14353,24.528548,592
B0GRU650MF,厦门筱金酒店,西林路2-12号,快捷酒店,厦门市,150,4.6,快捷酒店,118.14151,24.476299,592
B02500VCFS,考拉国际青年酒店(厦门中山路轮渡店),中山路步行街110-131号,招待所,厦门市,120,4.2,主题酒店,118.077999,24.452802,592
B0HRC5N5HL,观影酒店(厦门北站理工学院店),后溪镇岩内埔中央里4号楼,酒店,厦门市,120,4.7,经济型,118.085568,24.634366,592
B0LG0RXTZ1,全家酒店,台湾街224号,酒店,厦门市,150,4.1,经济型,118.132586,24.497076,592
B0LBD7Y63V,优品柏悦酒店,马巷镇竹仔脚巷1号,酒店,厦门市,150,4.8,民宿,118.252327,24.665528,592
B0GK4XSYAY,厦门佳佳旅馆,灌口大道809号有居便利店与中国石化中间,酒店,厦门市,80,4.6,经济型,117.986143,24.607279,592
B0H1UUYBFT,优家公寓(厦门高崎机场店),围里路517号,招待所,厦门市,150,4.7,民宿,118.148572,24.527722,592
B0250040V5,厦门来君宾馆(后埔地铁站店),金尚路137号(后埔地铁站1号口步行60米),酒店,厦门市,120,3.2,经济型,118.145753,24.490866,592
B0FFIN3I48,馨然公寓,围里社566号(近高崎机场),经济型连锁酒店,厦门市,120,4.7,经济型,118.14495,24.527456,592
B0FFFS3THT,厦门欣来宾馆,禾祥东路178号之9号,酒店,厦门市,120,4.2,旅馆,118.115927,24.471501,592
B0FFM0JTEI,厦门益星公寓(湖里万达店),仙岳路万达SOHO公寓D2栋,酒店,厦门市,120,4.1,经济型,118.179455,24.502906,592
B0G23XGW1X,厦门品尚公寓(翔安火炬高新区店),马巷镇后滨村上庄里13-1号,快捷酒店,厦门市,120,4.6,"快捷酒店,低价实惠",118.238285,24.652972,592
B0FFLNPI31,馨苑民宿(厦门北站店),后溪镇岩内村埔中央里62号2-4楼,酒店,厦门市,120,4.7,民宿,118.087826,24.634299,592
B02500S6MH,厦门湘吉旅馆,吕岭路泰和花园189号(彩虹花园对面),招待所,厦门市,120,4.3,经济型,118.139215,24.494015,592
B0250048P4,厦门颐家酒店(集美学村店),侨英孙厝同集南路2号202单元,酒店,厦门市,150,4.5,经济型,118.101235,24.584036,592
B0FFJ7WAVY,斯维登度假公寓(厦门北站华侨大学店),杏林湾路96号万科云城12栋,酒店,厦门市,150,4.0,公寓式酒店,118.07997,24.606169,592
B02500T4W7,厦门同缘宾馆,中山路95号,酒店,厦门市,120,4.0,"旅馆,低价实惠",118.149542,24.732048,592
B025002IWK,集兴旅社(厦门集美学村地铁店),集美学村嘉庚路11号,招待所,厦门市,80,4.0,"经济型,低价实惠",118.097095,24.56852,592
B025003ZBS,厦门金安旅馆,禾祥东路188号(厦门火车站地铁站6号口步行400米),招待所,厦门市,120,3.9,旅馆,118.116314,24.471403,592
B0FFIGTIL5,厦门瑞家公寓,马巷镇巷西路58号-1(近马巷车站海澜之家旁)瑞家公寓,酒店,厦门市,120,4.0,"民宿,低价实惠",118.251455,24.66576,592
B0FFKPE5UL,厦门烨景商务酒店(华天涉外技术学院店),新东路5号,商务酒店,厦门市,150,3.8,商务酒店,118.24703,24.60688,592
B0FFKBNC7Z,厦门鹭翔宜居公寓,"洪钟大道西150米(海洋学院对面,近技师学院)",酒店,厦门市,120,3.8,旅馆,118.249913,24.589833,592
B0FFJCBFDR,厦门围里佳悦来公寓(高崎国际机场店),岐山北路727号,经济型连锁酒店,厦门市,120,3.7,经济型,118.142836,24.529868,592
B02500QJMN,泊捷连锁酒店(厦门火车站明发商业广场店),莲前西路2号莲富大厦A座3层301,酒店,厦门市,120,3.8,经济型,118.12087,24.475882,592
B0FFKV9G89,尚品商务酒店(厦门北站店),学院路埔中央里8号,商务酒店,厦门市,160,3.8,商务酒店,118.085527,24.634013,592
B0JD47FT5R,珊瑚雅居翔安店公寓(后仓路1号分店),新店镇新澳路1495号1034室,酒店,厦门市,150,4.5,公寓式酒店,118.239056,24.566399,592
B02500QI6I,诺一酒店(厦门仙岳医院文化艺术中心店),仙岳路452号(松柏湖花园旁),酒店,厦门市,150,3.4,民宿,118.116252,24.493917,592
B0KRS58I23,厦门Gamer电竞酒店(万科云城店),龙荷二里5号202室,酒店,厦门市,220,4.6,电竞酒店,118.079784,24.605432,592
B0FFFD3P1B,厦门北站旅馆,"后溪镇孙坂南路英埭头104号(毗邻厦门北站,火车站)",招待所,厦门市,80,3.0,"旅馆,低价实惠",118.082843,24.61734,592
B0I254A6XK,丰航旅馆,内厝镇前埯村小路边134-1号,招待所,厦门市,80,4.8,旅馆,118.315982,24.672452,592
B02500RPY3,厦门靠海居宾馆,厦禾路842号金榜大厦6层(后埭溪路与厦禾路交汇处),酒店,厦门市,120,2.7,经济型,118.10802,24.466681,592
B0K69CMUT6,BFEEL设计师酒店公寓(厦门高崎国际机场店),林后社71号,酒店,厦门市,220,4.4,公寓式酒店,118.135572,24.525652,592
B0KUHUIJ2T,拾光快捷美宿,香山街道沙美鹊峰西里2-1号,快捷酒店,厦门市,120,4.8,快捷酒店,118.324622,24.611548,592
B0KBLKUL49,厦门金典公寓(高崎国际机场店),围里社1610号,酒店,厦门市,150,4.3,民宿,118.142807,24.529721,592
B0JD1A4M9A,厦门悦豪家园(海洋学院店),洪钟大道洪前村尾宅里62号,酒店,厦门市,120,3.9,经济型,118.250247,24.59114,592
B0FFHO264I,庭苑酒店(厦门中山路第一码头店),厦禾路244号(大同小学对面),酒店,厦门市,150,4.3,经济型,118.078217,24.459553,592
B0LG7SX1Q3,厦门海悦·云居酒店式公寓,杏林北路23-1-101号,酒店,厦门市,220,4.8,民宿,118.043943,24.572865,592
B025004LPI,怡都酒店(厦门大学双子塔店),演武路27号2层,酒店,厦门市,150,3.9,经济型,118.092598,24.436437,592
B0JKXDMOY1,航家汇源酒店(厦门火车站万象城店),后埭溪路28号皇达大厦,酒店,厦门市,150,3.8,经济型,118.105282,24.471696,592
B0H6PNL60P,厦门木子商务酒店(东渡邮轮中心厦鼓码头店),仙岳路45号(厦门古玩城公交站),酒店,厦门市,150,4.0,经济型,118.085981,24.492691,592
B0FFG4ZCLZ,贵阳墅国际青年旅舍,中山南路86号,招待所,贵阳市,80,4.9,"青年旅舍,低价实惠",106.695021,26.574607,851
B0FFHIOUNU,贵阳湘林招待所,青禾街17号(紫林庵地铁站C口步行230米),招待所,贵阳市,80,4.4,"经济型,低价实惠",106.706195,26.584226,851
B0FFF3NCP5,贵阳盛和公寓宾馆,花溪大道北段锦绣星城1号楼,酒店,贵阳市,120,4.1,"旅馆,低价实惠",106.698376,26.571529,851
B0FFG8UB4D,霖城名都酒店(花果园财富广场店),财富广场4号,四星级酒店,贵阳市,320,4.1,经济型,106.670445,26.557312,851
B03530P31F,贵阳兴源酒店,新添寨新创路1号,酒店,贵阳市,150,4.1,经济型,106.771146,26.632292,851
B0FFGGBWJ5,贵阳鑫泽商务宾馆,"旭东路151号(近贵州师范大学,师大附中)",招待所,贵阳市,120,4.0,旅馆,106.724226,26.587947,851
B0FFFGLWTB,贵阳悦顺宾馆(贵州师范大学店),栖霞社区服务中心旭东路285号贵阳师大后门煤矿村农贸市场旁,酒店,贵阳市,80,3.9,"经济型,低价实惠",106.726849,26.589709,851
B0FFFAM417,贵阳星宇宾馆,花果园社区服务中心花溪大道130号,酒店,贵阳市,120,3.7,"经济型,低价实惠",106.697891,26.570083,851
B0353032C4,贵阳华顺酒店(喷水池地铁站店),"民权路81号(民权路与富水北路交汇处西南角,南国花锦对面)",酒店,贵阳市,150,3.6,经济型,106.713595,26.581744,851
B0FFI0GTEH,四方馆·漫宿(贵阳花果园店),花果园财富广场3号12层,酒店,贵阳市,220,4.8,舒适型,106.669197,26.556655,851
B035302WON,尚影酒店(喷水池贵州医科大学附属医院店),"北京路21号(贵州省政协对面,近贵州医科大学附属医院)",酒店,贵阳市,150,3.6,经济型,106.710718,26.594586,851
B035301WL2,贵阳兴关宾馆(甲秀楼青云市集店),兴关路32号,招待所,贵阳市,120,4.3,"快捷酒店,低价实惠",106.713722,26.564145,851
B0FFHONZSH,时代假日酒店(贵阳龙洞堡机场店),客运东站旁高楼安置房3栋1单元3层,酒店,贵阳市,120,4.1,民宿,106.773688,26.519123,851
B03530PQQH,中铁宾馆(贵阳第五分店),铁路线2号(贵阳火车站地铁站A口步行240米),酒店,贵阳市,120,3.1,经济型,106.700913,26.557958,851
B0FFI6PWS2,贵阳金飞筑兴酒店式公寓,花果园大街1号花果园购物中心1F层,酒店,贵阳市,120,4.3,经济型,106.690934,26.568711,851
B0FFM5T75F,安馨酒店(贵阳北大资源缤纷广场店),北大资源缤纷广场A1栋6层,酒店,贵阳市,150,4.4,旅馆,106.698606,26.516595,851
B0FFG2OOJF,华阳宾馆(贵阳精工科技学校店),中天社区服务中心茶店村清凉巷12号,快捷酒店,贵阳市,120,4.2,快捷酒店,106.73155,26.613441,851
B0FFHZBORL,贵阳博客来酒店,大营坡鹿冲关路239号,酒店,贵阳市,120,3.6,经济型,106.717746,26.608444,851
B0FFFMJT56,7天酒店(贵阳三桥改茶路店),三桥改茶路68号,经济型连锁酒店,贵阳市,120,4.2,快捷酒店,106.667124,26.574859,851
B0353032TL,贵阳馨悦商务宾馆,四通街16号3层(贵阳火车站地铁站B口步行390米),商务酒店,贵阳市,120,4.2,"商务酒店,低价实惠",106.707089,26.555656,851
B03530P0FY,锦宏酒店,红街A1栋6层(观山西路地铁站D口步行490米),快捷酒店,贵阳市,150,4.1,快捷酒店,106.619642,26.637891,851
B0FFHOE06Y,亿家智慧酒店(贵阳花果园双子塔店),花果园大街花果园J区2栋21层,酒店,贵阳市,150,4.1,经济型,106.684237,26.559089,851
B0FFFEFR4V,天河宾馆(老街),石板镇2村村委会旁,酒店,贵阳市,80,4.1,"家庭旅馆,低价实惠",106.608685,26.46292,851
B0FFFTLMSU,贵阳锦粤精诚酒店(小河锦江路店),锦江路491号,快捷酒店,贵阳市,150,4.2,"快捷酒店,低价实惠",106.694145,26.516606,851
B0FFHX92JT,贵阳维纳斯酒店式公寓,松花路花果园E1区中山公馆2栋2单元18层2号,酒店,贵阳市,120,4.1,家庭旅馆,106.689803,26.570501,851
B0FFI4VQP2,贵阳达旺星酒店(二戈寨大数据电商产业园店),孟关大道二戈寨富源居小区D4栋附1号,酒店,贵阳市,120,4.2,经济型,106.736303,26.500972,851
B035301RNB,齐聚源宾馆,花香巷46号(贵阳烟厂对面),酒店,贵阳市,120,4.0,"经济型,低价实惠",106.697412,26.573783,851
B0FFFGP984,浣纱商务宾馆(延安西路地铁站店),浣纱路延安西路地铁站B出口50米财富公馆停车场旁,酒店,贵阳市,120,3.3,"旅馆,低价实惠",106.698402,26.580543,851
B0FFFGOPZF,贵宾宾馆(大营坡店),大营坡黑马市场,酒店,贵阳市,80,3.9,"旅馆,低价实惠",106.71688,26.600651,851
B03530RNIE,贵阳龙泉商务宾馆(喷水池地铁站店),人民大道与合群路交叉口龙泉大厦5楼1号线地铁站B站口旁,商务酒店,贵阳市,120,4.0,"商务酒店,低价实惠",106.709901,26.584115,851
B0FFG1AJ7S,国信快捷酒店(贵阳黔灵山公园延安西路地铁站店),延安西路市西路步行街A10栋,酒店,贵阳市,120,3.8,经济型,106.6992,26.581268,851
B0FFHFJ63R,贵阳紫荆时尚酒店,云关乡嘉润路135号加油站旁,酒店,贵阳市,120,3.9,经济型,106.729129,26.55336,851
B0353032KP,贵阳一家公寓酒店(妇幼保健院店),花溪大道北段128号,酒店,贵阳市,150,4.0,公寓式酒店,106.697849,26.570552,851
B0353032T5,贵阳华泰酒店(中大国际大营坡店),贵乌北路91号B栋2楼,酒店,贵阳市,120,3.9,"经济型,低价实惠",106.72045,26.602517,851
B0FFG4LKOO,润德轩酒店(贵阳小十字店),"中山东路76号(小十字银座旁,报业大厦斜对面)",酒店,贵阳市,150,3.8,经济型,106.716184,26.577583,851
B0FFHOLUUX,龙翔商务酒店(贵阳龙洞堡机场店),龙洞堡东客车站安置房小区1栋1单元7楼,商务酒店,贵阳市,150,3.8,商务酒店,106.77373,26.519998,851
B0FFFPNJT7,甲秀时尚酒店(贵阳甲秀楼纪念塔店),新华路兴隆东巷2号,酒店,贵阳市,120,3.7,"经济型,低价实惠",106.717942,26.568946,851
B0FFHRDTJY,贵阳康豪酒店(贵阳龙洞堡国际机场店),油榨街富源北路东泓福源国际B区4栋32楼,酒店,贵阳市,120,3.7,经济型,106.741748,26.555501,851
B0FFFH0FTU,贵阳网络酒店(中华北路店),中华北路242号(北京路地铁站D口步行450米),酒店,贵阳市,120,3.7,"旅馆,低价实惠",106.710523,26.594122,851
B0FFF35I9O,贵阳鸿强宾馆,蓑草路40号4单元202号(近云关乡政府),酒店,贵阳市,80,3.7,"旅馆,低价实惠",106.725554,26.561232,851
B0FFF35516,贵阳鑫城酒店,沙冲中路88号(沙冲路地铁站B口步行420米),酒店,贵阳市,120,3.6,"经济型,低价实惠",106.705331,26.552949,851
B0FFI137XU,江琳宾馆(贵阳龙洞堡东客站店),东客站安置房2栋2单元10层,酒店,贵阳市,80,3.5,经济型,106.773944,26.519484,851
B0FFFKFZ1I,贵阳艾玛假日酒店,遵义路55号,酒店,贵阳市,220,3.3,度假酒店,106.708664,26.565486,851
B0FFFGLUNK,贵阳馨悦酒店,响水组57号,酒店,贵阳市,120,3.3,"经济型,低价实惠",106.710672,26.605016,851
B0FFFGLUR6,贵阳雨佳宾馆(紫林庵地铁站店),紫林庵瑞金中路69号综栋2单元2楼,酒店,贵阳市,80,3.3,"旅馆,低价实惠",106.705047,26.581372,851
B035302RHF,贵阳芙蓉招待所,沙冲北路10号(达高桥如家酒店前20米),招待所,贵阳市,80,2.9,"招待所,低价实惠",106.706288,26.556051,851
B035302PBW,贵阳128酒店(甲秀楼店),观水路111号省委大门左面,酒店,贵阳市,120,2.8,经济型,106.722067,26.570753,851
B03530OY7L,7天优品酒店(贵阳清水江路锦江路双地铁站店),清水江路310号,经济型连锁酒店,贵阳市,150,4.7,"经济型,7天特惠",106.702861,26.50838,851
B0FFFGLWSO,服务大楼酒店(火车站店),解放路25号(国鼎家电旁),三星级酒店,贵阳市,160,4.3,经济型,106.707474,26.560519,851
B0FFF3NCW7,黔诚大酒店,扎佐镇襄阳大道商业街青家湾路口(近扎佐镇、贵阳森林野生动物园),酒店,贵阳市,120,4.5,"旅馆,低价实惠",106.716913,26.844562,851
B001C8RR9I,POSHPACKER拖板鞋青年旅舍旅行酒店(成都太古里春熙路地铁站店),东升街98号3楼,酒店,成都市,85,4.7,"青年旅舍,低价实惠",104.078001,30.650365,28
B001C7UAFT,驴友记旅行酒店(成都文殊院店),"星辉西路任家湾23号(近金牛万达广场,文殊院附近)",招待所,成都市,85,4.6,"青年旅舍,低价实惠",104.073806,30.678897,28
B0FFHRJ60H,豪庭连锁主题公寓(成都火车东站店),嘉陵江路68号东方新城2期(东站东广场北出口斜对面),酒店,成都市,150,4.9,主题酒店,104.146387,30.629122,28
B0FFHN21SY,笑脸里·好久不见青年旅舍(成都锦里武侯祠店),衣冠庙超洋路68号(衣冠庙地铁站A口步行350米),招待所,成都市,60,4.9,"经济型,低价实惠",104.049526,30.633401,28
B0FFF4OO0H,怡家酒店(彭州高铁站龙兴寺店),西大街118号,经济型连锁酒店,成都市,120,4.8,快捷酒店,103.939456,30.983623,28
B001C803ZQ,新友佳商务酒店(新城店),牡丹北路66号,酒店,成都市,120,4.8,经济型,103.954018,30.990819,28
B001C8RBFT,99优选酒店(成都宽窄巷子地铁站店),槐树街47号,经济型连锁酒店,成都市,120,4.2,"快捷酒店,低价实惠",104.052865,30.66958,28
B001C8MH1V,成都乐浮青年旅舍,太升北路10号(太升南路地铁站C口步行490米),招待所,成都市,80,4.6,青年旅舍,104.079744,30.668637,28
B001C8RBFS,99旅馆连锁(成都营门口店),营门口路251号民光商厦2楼,经济型连锁酒店,成都市,120,4.6,"快捷酒店,低价实惠",104.040989,30.686933,28
B001C8OQ7Z,布丁严选酒店(成都火车东站牛市口地铁站万象城店),牛市口路30号,经济型连锁酒店,成都市,150,4.0,经济型,104.107238,30.640917,28
B0FFI7YGD9,逆时光公寓(成都东站店),嘉陵江路68号12栋3单元,酒店,成都市,120,4.3,经济型,104.146965,30.628947,28
B001C8PLB0,99旅馆连锁(共和村商务楼店),共和路红瓦寺共和村5号商务大楼三层,经济型连锁酒店,成都市,120,4.7,快捷酒店,104.084214,30.635276,28
B0FFGDQW9N,大邑雾山农场,两河口社区7组,酒店,成都市,150,4.5,农家乐,103.394992,30.680819,28
B001C7VSMZ,成都紫金臻宾馆,暑袜中街51号,酒店,成都市,120,4.2,旅馆,104.074366,30.657077,28
B0GRNC7WN7,龙猫竣电竞酒店(成都春熙路店),走马街68号锦城大厦6楼,酒店,成都市,220,4.8,舒适型,104.075724,30.652794,28
B0LUNH6FI3,海友酒店(成都天府新区南湖立交地铁站店),剑南大道南段3023号(地铁站C旁边),经济型连锁酒店,成都市,150,5.0,"住宿服务,宾馆酒店,经济型连锁酒店",104.03348,30.487639,28
B001C806TY,宏鼎商务酒店(菁华路),菁华路47号,商务酒店,成都市,220,4.7,商务酒店,104.26917,30.884108,28
B0340000B2,奥林酒店(建设中路),简城镇建设中路235号,酒店,成都市,150,4.7,经济型,104.544703,30.385691,28
B0IKPZW12X,如家睿柏·云酒店(成都青白江大弯中学店),菁华路128号,酒店,成都市,220,5.0,高档型,104.269951,30.885346,28
B0FFGZZ5BC,成都爱尚格调酒店(宽窄巷子店),槐树街47号(近宽窄巷子、永陵博物馆),快捷酒店,成都市,220,4.2,快捷酒店,104.052872,30.669835,28
B0JDJSE01Z,成都飞鸿精品酒店(四川音乐学院西南石油大学地铁站新都校区),新都镇学院路东段川音小区三巷160号,酒店,成都市,220,4.8,"住宿服务,宾馆酒店,宾馆酒店",104.179859,30.802505,28
B0H1OLUZ9H,顽石电竞智慧公寓,成都郫都区隆府南巷110号附10号,酒店,成都市,150,4.8,电竞酒店,103.948827,30.781295,28
B0GUBCNC2P,成都青柚共享酒店(文殊院骡马市地铁站店),西玉龙街小福建营巷5号(骡马市地铁站F口步行180米),招待所,成都市,85,4.8,"青年旅舍,低价实惠",104.066937,30.668431,28
B0HGVSOD3E,速8酒店(成都蜀汉路东地铁站店),抚琴西路171号3层(蜀汉路东地铁站C口步行440米),经济型连锁酒店,成都市,150,4.0,经济型,104.033764,30.680077,28
B0J1BKL2FZ,美居亚酒店(电子科技大学百草路地铁站店),蜀西路78号1栋1单元14层14001号,酒店,成都市,160,5.0,经济型,103.981165,30.723588,28
B0IU2ZMOVO,聚源盛世酒店(成都天府国际机场店),草池镇金鸡村一组196号,商务酒店,成都市,220,4.8,商务酒店,104.411125,30.321691,28
B0IG2A4Y5U,四季花畔酒店(成都西博城店),夔州大道广汇都荟1栋2单元,商务酒店,成都市,320,4.8,商务酒店,104.08902,30.441106,28
B0FFHTTQ0G,小时光驿站(成都东站东广场店),邛崃山路68号东方新城二期3号门,酒店,成都市,120,4.5,家庭旅馆,104.147063,30.629541,28
B0L6FMCN98,成都象牙青年旅舍(东大路地铁站店),东大路318号环球汇天誉五区B座19楼1904号,招待所,成都市,60,4.9,青年旅舍,104.110277,30.633176,28
B0FFFQ1Z1O,青城山忆楠客栈,青城山镇青城人家泉水四巷34号,招待所,成都市,150,4.5,客栈,103.595987,30.905247,28
B0LDPRYZJ3,如家neo成都宽窄巷子抚琴地铁站店,成都市金牛区一环路西三段128号,经济型连锁酒店,成都市,160,4.8,"住宿服务,宾馆酒店,经济型连锁酒店",104.042179,30.67696,28
B0IRFR9YTZ,好眠季风酒店(成都天府国际机场店),简城镇棉丰南街79号,商务酒店,成都市,150,4.7,商务酒店,104.497134,30.351764,28
B0G10ZF12L,轻住·悦享酒店(成都火车北站地铁站金牛万达广场店),二环路北二段8号(火车北站地铁站F口步行310米),商务酒店,成都市,220,4.9,商务酒店,104.070717,30.694262,28
B0H2Y5YJPP,7天酒店(都江堰古城中心店),杨柳河街156号,经济型连锁酒店,成都市,120,4.7,经济型,103.622044,30.999571,28
B0FFGZIRPM,如家酒店(成都武侯生活广场红牌楼地铁站店),高升桥路23号红牌楼商业区A座1-2层B座3层,经济型连锁酒店,成都市,160,4.3,快捷酒店,104.033075,30.635169,28
B0FFFCR021,希美登酒店(成都川师大店),静渝路31号(火车东站地区),酒店,成都市,150,4.2,经济型,104.112482,30.618227,28
B0J2S4KTLY,佰郦希玥酒店(成都东站店),邛崃山路66号泊鲤中心6栋1楼,酒店,成都市,160,4.8,经济型,104.146436,30.633673,28
B0KATNO1C0,卡布诺酒店(金堂大学城店),栖贤街道兰家店路159号,酒店,成都市,120,4.8,经济型,104.451953,30.850959,28
B0FFHLJZWL,漫花园酒店,二环路东五段9号(万达广场对面)兴熙北旁,酒店,成都市,220,4.2,经济型,104.098269,30.623907,28
B001C80D81,7天酒店(成都宽窄巷子文殊院地铁站店),宁夏街1号,经济型连锁酒店,成都市,150,4.2,"经济型,7天特惠",104.060008,30.675213,28
B0FFG79J2W,蓉港酒店(成都双流机场店),临港路5段空港国际城,四星级酒店,成都市,320,4.0,经济型,104.009557,30.570838,28
B0FFG7SNO0,布丁酒店(成都春熙路地铁站太古里中心店),城守东大街段6号蓝光大厦6层,经济型连锁酒店,成都市,150,4.6,经济型,104.076177,30.653161,28
B001C90IKU,7天酒店(成都火车站荷花池店),八里桥85号近火车北站地铁一号线C出口,经济型连锁酒店,成都市,150,4.5,"经济型,7天特惠",104.079453,30.700238,28
B001C8R6CB,滨海酒店,光华大道三段1818号珠江地产11层,四星级酒店,成都市,380,4.5,经济型,103.857598,30.687321,28
B001C8NNDZ,凯宾酒店(成都青白江万达店),青江中路288号,经济型连锁酒店,成都市,160,4.5,经济型,104.250737,30.87734,28
B0FFFZENDI,威登酒店(春熙路店),暑袜北二街89号,酒店,成都市,320,4.6,舒适型,104.076615,30.66056,28
B0J0NSCNXT,背包十年青年旅舍(成都太古里春熙路店),北新街26号3/4/5/6,酒店,成都市,80,4.8,青年旅舍,104.076666,30.657451,28
B0HR6H8LZ3,幻变艺术酒店(成都建设北路地铁站店),建设路街道建设巷11号附10号,酒店,成都市,320,4.9,舒适型,104.102935,30.670458,28
B0FFKTLJ25,乐逸酒店(成都龙泉店),三盛都会城6栋(车城东七路745号),酒店,成都市,150,4.9,经济型,104.224871,30.519654,28
B001C80SO1,7天优品酒店(成都郫县犀浦地铁站店),犀浦镇珠江东路111号,经济型连锁酒店,成都市,150,4.5,经济型,103.963379,30.759599,28
B0FFFZKIZL,大隐国际青年旅舍(上海陆家嘴源深路地铁站店),陆家嘴街道浦东大道834弄-840号甲,招待所,上海市,120,4.8,"旅馆,低价实惠",121.527291,31.239356,21
B0FFGX9CYO,登巴客栈(上海旗舰店),延安西路576号,招待所,上海市,120,4.4,"客栈,低价实惠",121.435379,31.216636,21
B0FFIK2L7Q,艾尚商务酒店(上海火车站店),中华新路1177号,酒店,上海市,160,3.5,经济型,121.44873,31.25498,21
B00155779O,登巴客栈(上海长寿路店),西康路1426号(近澳门路),酒店,上海市,120,4.3,"经济型,低价实惠",121.435862,31.244349,21
B0KDR79H9Y,上海船长五号青年酒店(莘庄地铁站店),莘朱路128号,酒店,上海市,120,4.8,经济型,121.384072,31.10755,21
B00155MSD4,凯乐宾馆(西藏北路地铁站店),青云路496号,酒店,上海市,150,4.0,旅馆,121.470247,31.262209,21
B0FFFLJD2U,速8酒店(上海松江新城嘉和广场店),文诚路338弄D区1号楼4层,经济型连锁酒店,上海市,150,4.7,经济型,121.218649,31.032767,21
B0FFIGVKP7,一间森林青年旅舍(上海同济大学四平路地铁站店),天宝路888号(近和平公园、四平路地铁站),招待所,上海市,85,4.9,"经济型,低价实惠",121.500645,31.27231,21
B00155NCRE,芭比伦电竞酒店(上海李子园地铁站店),"富水路543号(大宁国际商业区,近万泉路)",三星级酒店,上海市,220,4.6,经济型,121.399585,31.272053,21
B0FFIBKTX9,易佰酒店(上海周浦万达小上海步行街店),康沈路1588号,经济型连锁酒店,上海市,150,4.7,快捷酒店,121.575261,31.117706,21
B0FFFVN960,海上小屋酒店(上海惠南店),惠南镇城东路23号,经济型连锁酒店,上海市,120,4.3,"经济型,低价实惠",121.76305,31.044743,21
B0FFFGR36A,如家华驿酒店(上海金山城市沙滩店),象州路128号(停车场内),经济型连锁酒店,上海市,150,4.5,经济型,121.345514,30.711377,21
B0LGDZ8YO6,登巴客栈(真新新村地铁站店),祁连山南路2199号(真新新村地铁站2号口步行290米),酒店,上海市,120,4.4,客栈,121.372433,31.253106,21
B0KK1AQUJG,船长五号青年酒店(上海陆家嘴浦电路地铁站店),潍坊新村街道崂山路707号,酒店,上海市,120,4.3,舒适型,121.525488,31.220337,21
B0GUC77AAH,一间森林酒店(上海人民广场店),威海路62号,快捷酒店,上海市,220,4.2,快捷酒店,121.469943,31.228139,21
B0JGX6X5E7,一间森林酒店(南京东路黄河路美食街店),黄河路117号(人民广场地铁站8号口步行300米),酒店,上海市,220,4.2,经济型,121.470332,31.234928,21
B0JA19QWDC,迷家青年酒店(上海丰庄地铁口店),金沙江路2892号(丰庄地铁站2号口步行220米),酒店,上海市,120,4.6,经济型,121.358789,31.242029,21
B0FFLK7RE2,悦享酒店(上海浦东机场店),川南奉公路1097-6号,酒店,上海市,150,4.0,经济型,121.745551,31.178661,21
B0FFG3ECF9,茸华宾馆(上海松江体育中心地铁站店),谷阳北路146号(松江第七中学对面),招待所,上海市,120,4.8,"旅馆,低价实惠",121.236318,31.015619,21
B00156EG20,99旅馆连锁(真金路店),真金路1041号,经济型连锁酒店,上海市,120,4.1,"经济型,低价实惠",121.405944,31.283664,21
B0FFISD6YH,格瑞斯酒店(上海松江站店),松汇东路39弄1号,酒店,上海市,220,4.8,经济型,121.252406,31.001259,21
B0LUG5K6BF,船长五号青年酒店(东华大学延安西路地铁站店),凯旋路1068号,酒店,上海市,85,4.9,青年旅舍,121.417497,31.206513,21
B0G2U94FNA,迷家国际青年旅舍(上海人民广场店),天目中路305号,招待所,上海市,85,4.6,"旅馆,低价实惠",121.469465,31.24621,21
B0JA6SEW4W,亚奢精选酒店(上海野生动物园禹州商业广场店),沪南公路9826号,酒店,上海市,220,4.7,经济型,121.735798,31.039934,21
B00156D3B4,友福酒店(上海松江大学城店),新松江路223-243号,酒店,上海市,150,4.3,"经济型,低价实惠",121.23444,31.038491,21
B00155Q3S5,上海中华菁英公寓式酒店,澳门路477号,酒店,上海市,220,4.4,"公寓式酒店,低价实惠",121.440177,31.246022,21
B00156GXOF,格林豪泰酒店(上海浦东机场野生动物园店),惠南镇大川公路2728号(近沪南公路),经济型连锁酒店,上海市,160,4.5,快捷酒店,121.735762,31.040984,21
B00155LD1S,如家酒店·neo(上海浦东机场惠南地铁站通济路店),通济路150号,经济型连锁酒店,上海市,160,4.6,经济型,121.746139,31.04726,21
B0KALC8J2X,锐思特酒店(上海金山百联购物中心店),石化卫清西路355号3层,酒店,上海市,160,4.7,经济型,121.346261,30.729232,21
B0FFI58S1I,Meego米果青文酒店(上海南京西路梅龙镇广场店),江宁路495号博鸿大厦(近康定路)4楼,酒店,上海市,220,4.5,经济型,121.451636,31.235011,21
B0J3NBCCH9,上海佳家酒店,九亭镇文浦路129号,酒店,上海市,150,4.1,经济型,121.340615,31.112976,21
B0FFH8ZZB0,上海宝格丽酒店,山西北路108弄(天潼路地铁站5号口步行280米),五星级酒店,上海市,4800,4.8,豪华型,121.48132,31.243027,21
B00154DRA8,和平饭店,南京东路20号,五星级酒店,上海市,2200,4.8,"豪华型,天天特价",121.489233,31.239098,21
B0FFGH5WD1,柏友青年酒店,吴中路1099号2号楼4-5层,酒店,上海市,150,4.7,"主题酒店,浪漫约会",121.386653,31.176054,21
B0JDJZCQ9Q,瀚一酒店(上海通河新村地铁站店),共和新路5523号(通河新村地铁站2号口步行50米),酒店,上海市,220,4.4,经济型,121.442234,31.331012,21
B0I3KB7V5M,山悦之星宾馆(上海金山亭林店),亭林镇大亭公路7558弄2222号,快捷酒店,上海市,120,4.8,快捷酒店,121.331816,30.893446,21
B00155R4R5,海友酒店(上海静安寺店),万航渡路105号(静安寺地铁站1号口步行390米),经济型连锁酒店,上海市,220,3.9,经济型,121.442511,31.225204,21
B0KUDUET6F,A-BOX电竞酒店(大宁音乐广场店),灵石路697巨丰商务广场3号楼2楼,酒店,上海市,220,5.0,经济型,121.446718,31.283383,21
B0FFI9OKB0,品悦酒店(上海立信会计金融学院民雷路地铁站店),曹路镇川沙路420号,经济型连锁酒店,上海市,220,4.6,舒适型,121.668118,31.276792,21
B0FFG8OPPS,锦江之星(汤巷雅苑店),浦东环桥路1160-1号,经济型连锁酒店,上海市,220,4.6,快捷酒店,121.604908,31.137082,21
B0015731V2,99优选酒店(上海虹梅南路店),虹梅南路3135弄51号2层,经济型连锁酒店,上海市,150,4.6,经济型,121.436708,31.087925,21
B0KBBBMIT4,豪笙电竞酒店,思贤路1855弄1号(近松江大学城),酒店,上海市,320,4.6,电竞酒店,121.200752,31.024781,21
B0J2D7VW52,微果酒店MINI(上海国际旅游度假区店),川沙镇南六公路1588号,酒店,上海市,150,4.7,经济型,121.701328,31.118089,21
B0FFHPQLB8,锦江之星品尚酒店(上海浦东新区野生动物园店),惠南镇南园路39弄1号,经济型连锁酒店,上海市,220,4.7,舒适型,121.746335,31.039866,21
B00156DW3U,速8酒店(上海金山城市沙滩店),金山卫镇学府路551号,经济型连锁酒店,上海市,150,4.7,经济型,121.322877,30.72689,21
B00155LKQI,上海半岛酒店,中山东一路32号,五星级酒店,上海市,4200,4.7,"豪华型,购物便捷",121.489135,31.241292,21
B0FFHWAA52,北京宝格丽酒店,新源南路8号院2号楼(亮马桥地铁站A西北口步行460米),五星级酒店,北京市,4500,4.8,豪华型,116.457548,39.947861,10
B0K02C3AHF,wohkoon者行孙青年酒店(北京奥森公园北苑店),天朗园C座3层,酒店,北京市,120,4.7,经济型,116.413986,40.032272,10
B0LU2HVF9X,艺选酒店(北京左家庄店),左家庄东街静安里41号楼配楼,经济型连锁酒店,北京市,220,4.6,经济型,116.444805,39.958972,10
B0J079KDPO,知和行青年酒店(朝阳高铁站十里堡地铁站店),八里庄北里305号楼三层(十里堡地铁站B东北口步行330米),酒店,北京市,120,4.4,青年旅舍,116.501662,39.925878,10
B0LUSA0R6F,京小住酒店(北京西站北广场世纪坛医院店),羊坊店西路20号,酒店,北京市,220,4.7,经济型,116.31698,39.897978,10
B0FFIDJWV4,布丁酒店(北京花乡桥店),巴庄子124号,经济型连锁酒店,北京市,150,4.3,快捷酒店,116.327881,39.833724,10
B0FFL19952,99优选酒店(北京良乡南关地铁站店),拱辰南大街44号(良乡南关地铁站A2北口步行460米),酒店,北京市,150,4.5,经济型,116.14255,39.725554,10
B0J1O5HTHJ,东甲一号(大兴国际机场店),礼贤镇东郏河村东四条南二排五号,酒店,北京市,380,4.8,民宿,116.374609,39.548538,10
B0K3ZUH44C,速8优选酒店(北京大兴区政府大悦春风里店),黄村镇兴政街3号(大兴一中北门对面毗邻国家电网),酒店,北京市,220,4.7,经济型,116.344778,39.726338,10
B0FFG69LE7,99优选酒店(北京回龙观东大街地铁站店),回南路与黄平路交叉口,经济型连锁酒店,北京市,150,4.8,经济型,116.36639,40.087653,10
B0FFL8L0MR,潮漫酒店(北京平谷区政府店),旧城街17号楼,商务酒店,北京市,220,4.8,商务酒店,117.129408,40.140195,10
B0LGPMHUPE,小白青年酒店(清河小营桥地铁站店),清河一街60号2层,酒店,北京市,150,4.8,经济型,116.348282,40.032239,10
B0FFGASFOS,速8酒店(北京西站莲花桥店),吴家场路莲花池西里8号院20号楼方润大厦岁月如歌KTV院内,经济型连锁酒店,北京市,220,4.8,经济型,116.30618,39.892341,10
B0GU15WRAR,速8精选酒店(北京黄村西大街地铁站店),兴业大街三段32号1幢1-4层,酒店,北京市,220,4.7,舒适型,116.325805,39.73606,10
B0K2ZH6G0V,UP华驿精选酒店(北京清华长庚医院店),天通苑北一区39号楼1层,经济型连锁酒店,北京市,160,4.8,经济型,116.420924,40.074796,10
B0LAZRWLKE,嘻雅途青年酒店(北京三元桥店),霄云路28号网信大厦b座F17层,酒店,北京市,120,4.8,青年旅舍,116.465275,39.958675,10
B0LB552OAF,首都国际会展中心大酒店,裕东路55号院1号楼,酒店,北京市,450,4.8,"住宿服务,宾馆酒店,宾馆酒店",116.552115,40.080144,10
B0JR9RLJ48,wohkoon者行孙酒店(北京南站草桥店),北甲地路6号院玺萌丽苑7号楼三层,招待所,北京市,150,4.5,经济型,116.362548,39.850249,10
B0IUV5QUAO,非繁城品•酒店(北京延庆高铁站店),妫水南街33号(与菜园南街交叉口),快捷酒店,北京市,220,4.8,快捷酒店,115.983132,40.447052,10
B0FFI4LFG7,登巴客栈(北京五道口店),海淀区展春园西路2号院蓟鑫大厦F3层,招待所,北京市,120,4.3,经济型,116.340192,39.988681,10
B0KD6CJ798,wohkoon者行孙青年酒店(北京三里屯太古里店),工人体育场北路6号凯富大厦F8层,酒店,北京市,120,4.4,经济型,116.457183,39.933483,10
B000A8VTBV,7天连锁酒店(北京密云鼓楼大街店),鼓楼东大街14-7号,经济型连锁酒店,北京市,150,4.6,"经济型,低价实惠",116.852448,40.375759,10
B0HKCUD6NQ,北京悉昙酒店,潭王路288号六区10号,酒店,北京市,8500,4.8,豪华型,116.018462,39.90218,10
B0J12H2UA5,米家青年酒店(北京望京798艺术区店),大山子北里35楼1栋,酒店,北京市,120,4.7,经济型,116.487825,39.984271,10
B0FFIOT3OX,派酒店(北京昌平地铁站店),昌平镇南环路53号7号楼,经济型连锁酒店,北京市,150,4.8,"经济型,7天特惠",116.234036,40.214752,10
B0FFGWOHD8,7天连锁酒店(北京通州北关地铁站友谊医院店),潞苑南大街1093号,经济型连锁酒店,北京市,160,4.8,"经济型,7天特惠",116.671436,39.928875,10
B0FFGSSZZ3,格林豪泰酒店(北京通州友谊医院店),潞苑东路23号,快捷酒店,北京市,220,4.8,快捷酒店,116.690227,39.93809,10
B0KRRCR54P,米家青年HOSTEL(北京酒仙桥798艺术区店),酒仙桥路2号院内6幢平房607,酒店,北京市,120,4.8,经济型,116.498781,39.987157,10
B0I2JU5SQV,新城市精选酒店(密云经济开发区西大桥店),新南路17号楼-678,酒店,北京市,160,4.8,经济型,116.823152,40.367757,10
B0FFLAKV82,喆啡酒店(北京平谷医院世纪广场店),新平南路231号林荫家园底商,酒店,北京市,320,4.8,舒适型,117.102799,40.134244,10
B0L6B5EBW1,悦庭酒店(北京通州运河商务区店),故城东路11号,酒店,北京市,320,4.7,舒适型,116.676079,39.907211,10
B0KGRZGAN7,泉中泉酒店(北京大兴国际机场店),西郏河红绿灯南200米,酒店,北京市,150,4.7,经济型,116.363931,39.551826,10
B0J0K7AQ62,逍遥熊青年旅舍(北京南站草桥地铁站店),北甲地路10号院商业二层216,酒店,北京市,80,4.4,青年旅舍,116.363393,39.845457,10
B0HK0ZNDEG,wohkoon者行孙青年酒店(北京国贸西大望路店),双井街道西大望路15号外企大厦C座(长缨荟)5层,招待所,北京市,120,4.3,"经济型,疫情轨迹点",116.477069,39.894197,10
B0H6L7EQUZ,北京王府井文华东方酒店,王府井大街269号5F(王府井地铁站E3东北口步行370米),五星级酒店,北京市,4800,4.8,豪华型,116.410063,39.912598,10
B0H6YB5C1F,北京华尔道夫胡同四合院,西堂子胡同17-19号(金鱼胡同地铁站B东口步行270米),酒店,北京市,8500,4.7,豪华型,116.414342,39.916429,10
B0FFFIGMWZ,锦江之星旅馆(北京首都机场顺义地铁站店),双平西街甲57号,经济型连锁酒店,北京市,220,4.3,经济型,116.656184,40.098877,10
B0FFF0FE4U,7天酒店(北京首都机场二店),天竺镇天柱东路4号润通大厦A座4层,经济型连锁酒店,北京市,150,4.2,"经济型,7天特惠",116.569308,40.068353,10
B0FFFER2UY,速8·酒店(北京立水桥南店),立水桥安立路3号北侧,经济型连锁酒店,北京市,220,4.2,经济型,116.411081,40.044123,10
B0HAB7ON6L,速8酒店(北京亦庄东区店),台湖镇次渠嘉创二路2号,快捷酒店,北京市,150,4.6,快捷酒店,116.557396,39.809368,10
B0KKT5SR09,咖咖酒店(北京昌平科技园店),昌平镇水屯村南2号楼,酒店,北京市,150,4.5,经济型,116.227561,40.200649,10
B0FFIIICFR,速8酒店(北京双桥店),双桥中路12号院1号楼1层,经济型连锁酒店,北京市,220,4.6,商务酒店,116.602836,39.890497,10
B0FFGLXI14,派酒店(北苑商场店),清友园4号楼,酒店,北京市,150,4.6,"经济型,7天特惠",116.429661,40.038416,10
B000A7X4Y2,盛达宾馆,朝阳路甘露园西里8号院,酒店,北京市,150,4.5,经济型,116.510135,39.916377,10
B0FFGZUO9L,速8酒店(北京石景山朝阳医院西院店),景阳东街65号院2号楼朝阳医院西院店,经济型连锁酒店,北京市,220,4.5,"快捷酒店,疫情轨迹点",116.205588,39.895978,10
B0GRPUKA1P,7天优品酒店(北京房山店),良乡拱辰街道北关西路47号慧丽鑫大厦,经济型连锁酒店,北京市,150,4.5,"经济型,7天特惠",116.136868,39.735782,10
B0IG4S104Y,wohkoon者行孙青年酒店(北京国贸SKP店),大望路3号院2号楼(如漫酒店上五楼),酒店,北京市,120,4.7,"青年旅舍,疫情轨迹点",116.476043,39.911178,10
B000A87VK4,7天优品酒店(北京昌平地铁站西关店),城区镇城角西路九号,经济型连锁酒店,北京市,150,4.4,"经济型,7天特惠",116.222561,40.218903,10
B0HANGLP6S,青季酒店MINI(北京南站草桥地铁站店),镇国寺北街草桥北区6号楼3层,酒店,北京市,220,4.4,经济型,116.355383,39.846242,10
B000A87NMS,7天酒店(北京西客站丽泽桥店),西三环居然之家丽泽桥店南侧蓝源公司院内,经济型连锁酒店,北京市,150,3.7,"经济型,7天特惠",116.309505,39.870807,10
B0FFFW0T3Z,如家快捷酒店(青岛栈桥人民会堂地铁站龙口路店),龙口路36号甲(龙口路与江苏路交汇处),经济型连锁酒店,青岛市,150,3.9,快捷酒店,120.32913,36.063961,532
B02140A3L2,香江之星商务酒店,青岛经济技术开发区香江路80号,酒店,青岛市,150,4.8,经济型,120.17962,35.968898,532
B021409KNR,尚客优快捷酒店(青岛崇明岛路店),崇明岛西路286号,经济型连锁酒店,青岛市,120,3.6,经济型,120.205297,36.034931,532
B021407J7P,青岛金叶宾馆,春阳路163号,酒店,青岛市,120,4.8,"经济型,低价实惠",120.399356,36.315157,532
B0GRPAJDHY,尚客优连锁酒店(胶州兰州西路店),兰州西路796号,经济型连锁酒店,青岛市,150,4.9,经济型,119.982697,36.282564,532
B0FFGY5REC,青岛盛世豪庭商务宾馆(青岛长途汽车站店),内蒙古路39号银河山庄3号楼,招待所,青岛市,120,4.6,"旅馆,低价实惠",120.351387,36.096109,532
B021409OU3,速8酒店(青岛西海岸汽车总站店),水灵山路85-5号,经济型连锁酒店,青岛市,150,4.8,经济型,120.010114,35.884162,532
B02140WF56,7天优品酒店(青岛山东路中央商务区),西吴路131号(西吴家村地铁站E口步行420米),经济型连锁酒店,青岛市,150,3.6,"经济型,7天特惠",120.368183,36.093329,532
B0FFF365PP,青岛诚信家宾馆,九水东路与常川路交叉口,招待所,青岛市,120,3.8,"经济型,低价实惠",120.486662,36.172121,532
B021405I3Z,宝泽林宾馆,北京路71号,酒店,青岛市,120,3.9,旅馆,120.314517,36.070081,532
B0FFHF0XF8,尚客优快捷酒店(金沙滩啤酒城店),金沙滩路777号,经济型连锁酒店,青岛市,150,4.8,经济型,120.248084,35.965243,532
B02140XJVH,尚客优悦酒店(黄岛金沙滩天目山路地铁站店),东江路177号,经济型连锁酒店,青岛市,160,4.8,"商务酒店,低价实惠",120.223399,35.966384,532
B0FFFS3OF8,如家酒店(青岛胶州福州南路宝龙购物广场店),福州南路41号,经济型连锁酒店,青岛市,160,4.3,经济型,120.025247,36.282364,532
B02140WP7M,爱客100连锁宾馆(青岛农业大学店),中城路493号(农业大学地铁站D口步行140米),经济型连锁酒店,青岛市,120,4.4,"旅馆,低价实惠",120.39139,36.315692,532
B0FFF3IYNY,青岛蜗牛之家宾馆,"徐州路82号(青岛外贸学校西100米,近五四广场)",酒店,青岛市,120,4.8,经济型,120.381573,36.075022,532
B021409GA6,阳光宾馆(科技大学店),渭河路天和工业园25号楼(近山东科技大学北门),酒店,青岛市,120,4.2,"旅馆,低价实惠",120.12792,36.009131,532
B021406V84,青岛丽海源快捷酒店(台东步行街店),北仲路50号,酒店,青岛市,120,4.0,"经济型,低价实惠",120.366143,36.082523,532
B0214097ME,圆中方大酒店,青岛路432号,四星级酒店,青岛市,380,4.8,舒适型,119.949434,36.777385,532
B0FFG19AMZ,青岛紫荆花宾馆,漳州二路60号2层(燕儿岛路地铁站B口步行390米),招待所,青岛市,120,4.5,"旅馆,低价实惠",120.405158,36.066929,532
B0FFGX74KE,青岛银海之恋酒店,银沙滩路70号,酒店,青岛市,150,3.8,经济型,120.2206,35.943262,532
B0FFF3Q9NX,文怡苑商务宾馆(青岛火车站栈桥店),石村路57号,酒店,青岛市,120,3.7,经济型,120.311138,36.068563,532
B0214136KX,99旅馆连锁(青岛城阳火车站店),绣城路436号,经济型连锁酒店,青岛市,120,4.4,"经济型,低价实惠",120.370942,36.300096,532
B021409I17,OYO轻享利港源宾馆,重庆北路381号,酒店,青岛市,120,4.4,"经济型,低价实惠",120.402762,36.270722,532
B0FFFFVSUW,熙润宾馆,团岛一路7号(团岛地铁站A口步行490米),酒店,青岛市,120,4.5,"经济型,低价实惠",120.298071,36.059776,532
B0FFF8JZID,如家派柏云酒店(青岛五四广场江西路地铁站徐州路店),徐州路38号(江西路地铁站B口步行360米),经济型连锁酒店,青岛市,160,3.1,经济型,120.384261,36.073079,532
B0KRYOXPFT,尚客优酒店(青岛极地海洋公园店),东海东路58号1号楼205,经济型连锁酒店,青岛市,150,4.4,经济型,120.441572,36.068129,532
B0FFFFWO7F,海边客老街客栈(青岛栈桥天主教堂店),四方路1号(中山路地铁站B口步行350米),酒店,青岛市,150,4.4,"经济型,海滨风光",120.322748,36.070589,532
B0FFFFVH71,OYO盈客佳驿商务酒店(青岛火车站台西一路站),台西一路3号(近贵州路),酒店,青岛市,120,4.4,"经济型,低价实惠",120.300702,36.06085,532
B0FFFHBXKX,尚客优快捷酒店(青岛开发区家佳源店),庐山路77号(井冈山路地铁站E口步行370米),经济型连锁酒店,青岛市,120,4.1,快捷酒店,120.18679,35.951468,532
B0FFGB7BPZ,天润金旺大酒店,中城路345-1号(正阳中路地铁站C口步行440米),四星级酒店,青岛市,380,4.6,舒适型,120.391628,36.309575,532
B02140625I,百信旅馆(五四广场万象城店),徐州路7号丙,招待所,青岛市,120,4.3,"旅馆,旅馆住宿",120.386842,36.07034,532
B021400C4D,青岛怡人居宾馆,平安路24号1-乙(小村庄地铁站A口步行300米),酒店,青岛市,120,4.4,"旅馆,低价实惠",120.357264,36.105992,532
B0FFG72U6E,悦客100酒店(青岛北岭地铁站店),吉水路9号,经济型连锁酒店,青岛市,150,4.7,快捷酒店,120.364703,36.112032,532
B0FFG76JHS,都市118连锁酒店(胶州禧徕乐店),漳州路6号,经济型连锁酒店,青岛市,120,4.4,"经济型,低价实惠",119.977157,36.287105,532
B0FFFEMRL1,青岛听海丽景日租房,泰安路27号如意大厦2605室,招待所,青岛市,120,4.4,"民宿,低价实惠",120.314137,36.065412,532
B0FFGJQJMU,青岛栈桥月光房,新泰安路27号如意大厦901室,招待所,青岛市,150,4.8,经济型,120.314211,36.065425,532
B0FFFFRD7B,如家派柏·云酒店(青岛李沧区重庆中路店),重庆中路197号,经济型连锁酒店,青岛市,160,4.3,经济型,120.409346,36.151454,532
B0FFF5JW1J,都市118连锁酒店(青岛金沙滩薛家岛地铁站店),青云山路540号(薛家岛地铁站C口步行300米),经济型连锁酒店,青岛市,150,4.3,经济型,120.221517,35.960413,532
B0FFG13WUR,华驿酒店(青岛台东步行街店),北仲路46号,经济型连锁酒店,青岛市,120,4.3,"经济型,低价实惠",120.365526,36.082569,532
B02140ZRCB,创意时尚酒店(青岛台东步行街万佳广场店),和兴路59号万佳广场,经济型连锁酒店,青岛市,150,4.2,经济型,120.357769,36.085574,532
B0FFFGPXXA,万达自由空间度假公寓(连云港路1号分店),连云港路37号商务楼A座1208室,酒店,青岛市,150,4.2,公寓式酒店,120.379882,36.088181,532
B02140ZWQ7,银座佳驿酒店(胶州火车站店),胶州西路8号,经济型连锁酒店,青岛市,150,4.2,经济型,120.005382,36.292959,532
B0FFFQXUQC,青岛天天假期商务宾馆,青山路678号(顺和汇对面),酒店,青岛市,120,4.2,经济型,120.417665,36.146056,532
B021405NAL,青岛宏福瑞商务宾馆(台东步行街店),雒口路6号,商务酒店,青岛市,150,4.2,"商务酒店,低价实惠",120.351849,36.086267,532
B02140WGJW,锦江之星(青岛城市阳台博览城店),朝阳山路489号,经济型连锁酒店,青岛市,160,4.7,经济型,120.040166,35.880298,532
B021409SUQ,佳信商务酒店,湖南路34号,酒店,青岛市,120,4.1,"经济型,低价实惠",120.320702,36.06425,532
B02140WG89,青岛润佳精品酒店(泰山路地铁站店),临淄路36号(泰山路地铁站A口步行140米),酒店,青岛市,150,3.8,"经济型,低价实惠",120.332541,36.083581,532
B0FFHF0LCP,宜必思酒店(青岛西海岸汽车总站店),珠山街道青岛心和纺织有限公司喜鹊山路与灵雀山路中间,经济型连锁酒店,青岛市,150,4.6,汽车旅馆,120.002392,35.891039,532
B0FFFY67S0,青岛如意海景日租房,新泰安路27号如意大厦2102室,酒店,青岛市,120,4.6,"旅馆,低价实惠",120.314251,36.065431,532
B001B0J3GL,武汉毕优特酒店(光谷步行街店),光谷步行街B1区光谷街7号附21087号商铺,酒店,武汉市,150,4.0,经济型,114.401881,30.504421,27
B0LA3MEKS3,轻居影院酒店公寓(武汉火车站店),白马馨居二期东区3栋一单元1201室,酒店,武汉市,150,5.0,公寓式酒店,114.427204,30.601925,27
B0FFFDAWP7,舒晖公寓(武汉金融港一路武汉工程大学流芳校区店),流芳大道18号鹏翔花园2栋武汉工程大学流芳校区对面,招待所,武汉市,120,4.7,经济型,114.432415,30.458211,27
B0FFFFNJ8H,武汉泽睿酒店(武汉第一技术学校十里铺地铁站店),汉阳大道十里铺296号(十里铺地铁站B口步行210米),酒店,武汉市,160,4.7,经济型,114.220922,30.557879,27
B0FFHRV6F4,唯度青年酒店(武汉菱角湖店),新华下路428号(市环保局旁边),酒店,武汉市,120,4.8,"经济型,低价实惠",114.27162,30.602556,27
B0FFF9ZUCJ,橙子水晶连锁酒店(武汉汉口火车站店),发展大道176号(汉口火车站地铁站B口步行440米),酒店,武汉市,220,4.3,经济型,114.254326,30.613542,27
B0FFLEP5ZQ,格林精选酒店公寓(武汉站店),白马馨居2期东区9栋2单元接待站,商务酒店,武汉市,150,4.8,商务酒店,114.427572,30.602534,27
B0FFFT0Y4V,高铁如家快捷公寓(武汉站店),白马馨居二期东区1栋,经济型连锁酒店,武汉市,150,4.8,经济型,114.427033,30.602951,27
B0IA2C7Q01,布丁酒店(汉口火车站店),金墩街64号(汉口火车站地铁站D2口步行410米),经济型连锁酒店,武汉市,120,4.6,快捷酒店,114.258628,30.616825,27
B001B1BVZD,武汉时尚公寓,珞喻路2附2号阜华大厦B座12层1206室,招待所,武汉市,120,4.6,"经济型,低价实惠",114.353851,30.526069,27
B001B1C9OL,天怡旅馆(武汉黄鹤楼首义路地铁站店),首义路街办事处首义新村4栋1单元1层,招待所,武汉市,80,4.5,"旅馆,低价实惠",114.306839,30.536361,27
B001B0JGJ4,武汉银兴招待所(东吴大道地铁站店),东吴大道1235号(东吴大道地铁站A口步行340米),招待所,武汉市,80,4.0,"经济型,低价实惠",114.131032,30.625753,27
B0FFG7LISY,速8酒店(武汉欢乐谷店),东湖风景区街道中北东路301号东湖庭院10号楼(近欢乐谷),经济型连锁酒店,武汉市,150,4.0,经济型,114.380856,30.592025,27
B001B0J89J,新龙酒店(武汉同济医院青年路地铁站店),妙墩路第十二高中校大门正对面,经济型连锁酒店,武汉市,120,4.7,快捷酒店,114.261192,30.588594,27
B0FFHJ7LKA,精途酒店(武汉长丰大道园博园店),长风路与丰美路交叉口华生汉口城市广场南区c502,快捷酒店,武汉市,160,4.4,快捷酒店,114.206496,30.612371,27
B0FFF9ZDPA,武汉锦泰影院酒店(江汉路步行街协和医院店),自治街95号(友谊路地铁站A口步行390米),酒店,武汉市,150,4.6,经济型,114.280265,30.579614,27
B0FFF67PIO,武汉T8假日酒店(光谷广场地铁站地质大学华中科技大学店),鲁磨路国光大厦A座11楼(从丽枫酒店进),酒店,武汉市,160,4.6,经济型,114.399607,30.512236,27
B0FFGSHWK1,武汉怡景果然主题酒店(汉口火车站店),汉口火车站D1出口怡景商务大厦B座13楼1304,招待所,武汉市,150,4.7,主题酒店,114.254273,30.612906,27
B0FFFHCFKD,速8主题公寓(湖北大学店),学院路王家湾小区1栋2单元1层,招待所,武汉市,120,4.9,主题酒店,114.328064,30.578744,27
B0HANUM0UD,维也那酒店公寓(武汉高铁站店),白马馨居二期东区7栋2单元402号,酒店,武汉市,150,4.4,公寓式酒店,114.428459,30.601807,27
B001B1GKUG,阳光公寓(武汉销品茂店),团结名居桔园4单元16层,酒店,武汉市,120,4.4,民宿,114.342111,30.586306,27
B0FFFCQNUJ,速7商务酒店(武汉体育学院虎泉地铁站店),珞喻路446号洪山科技创业中心B座3层,招待所,武汉市,120,4.3,快捷酒店,114.375976,30.517444,27
B0FFGNQ8E1,馨缘酒店(武汉光谷广场地铁站店),民院路6号尖东智能花园8栋10层,酒店,武汉市,120,4.3,民宿,114.398363,30.504431,27
B0K2F5KHOA,开蔓酒店(武汉汉正街武胜路地铁站店),崇仁路13号沿河星城C2栋3层,经济型连锁酒店,武汉市,150,4.3,经济型,114.261695,30.565453,27
B0FFFCLPLW,龙义宾馆(欢乐谷武汉高铁站店),白马馨居一期5-8,酒店,武汉市,120,4.1,经济型,114.416068,30.600439,27
B0FFFA1B9E,香缘酒店(武汉儿童医院店),香港路109号(苗栗路地铁站C口步行140米),酒店,武汉市,150,4.1,经济型,114.288883,30.600325,27
B001B0JWRJ,武汉东谷商务宾馆,珞瑜东路与文园路交叉口东南角,酒店,武汉市,120,4.1,经济型,114.434358,30.505095,27
B0FFIA729X,洛克菲酒店(武汉武昌火车站店),张之洞路426号(武昌火车站地铁站H口步行150米),酒店,武汉市,150,3.8,经济型,114.315771,30.532655,27
B001B1BPTT,武汉天壹宾馆(江汉路吉庆街店),京汉大道889号(近大智路轻轨站),酒店,武汉市,150,4.6,经济型,114.298246,30.594061,27
B0FFL1WZR9,水平线-乐颂酒店公寓(四新大道地铁站万达广场店),芳草二街新阳广场B栋6层,酒店,武汉市,150,4.8,经济型,114.19807,30.532608,27
B0FFHMSF58,福缘百合连锁酒店(武汉武昌火车站店),万金国际广场1号楼1楼,酒店,武汉市,120,4.0,经济型,114.317385,30.532168,27
B0FFG32W1S,鸿福客栈(武汉汉口火车站店),发展大道176号金涛鸿公馆2505室,酒店,武汉市,120,4.6,"经济型,低价实惠",114.254973,30.612988,27
B0FFIRQDIZ,1314情侣主题公寓(武汉徐东销品茂店),友谊大道33号团结名居桔园4单元15层,招待所,武汉市,120,4.5,经济型,114.342204,30.586257,27
B001B16TAQ,易佰酒店(武汉汉口江汉路步行街店),上海路8号,经济型连锁酒店,武汉市,150,4.0,快捷酒店,114.296986,30.57929,27
B0K6ZSUHAJ,落家青年酒店(武汉汉口江滩店),沿江大道时代广场1号楼1503,酒店,武汉市,80,4.8,青年旅舍,114.301977,30.585896,27
B0FFISNEBE,城市便捷酒店(武汉汉口江滩江汉路步行街店),胜利街168号扶轮大厦1-3楼,经济型连锁酒店,武汉市,160,4.8,经济型,114.300866,30.590183,27
B0FFHJSOIN,速8酒店(武汉武昌火车站地铁站店),火车站万金国际广场1号楼,经济型连锁酒店,武汉市,150,4.7,经济型,114.317638,30.53222,27
B0FFHOC1N9,万金辉都精选酒店(武汉武昌火车站店),紫阳东路万金国际广场2号楼4层,酒店,武汉市,150,4.1,经济型,114.317251,30.531461,27
B001B16GZP,7天连锁酒店(武汉红钢城店),红钢城车站街41号(红钢城地铁站C口步行430米),经济型连锁酒店,武汉市,150,3.8,经济型,114.397874,30.636508,27
B0FFFCODUM,武汉悦东方酒店(黄鹤楼武昌火车站店),中山路519号宏基客运站旁,酒店,武汉市,220,4.6,经济型,114.317531,30.534293,27
B0FFFCM470,尚客优快捷酒店(武汉径河广场店),十字北街径河广场(临近临空港大道),经济型连锁酒店,武汉市,120,4.6,经济型,114.163003,30.678724,27
B001B17T09,九龙大酒店(雄楚店),雄楚大街272号九龙大酒店1-3层,四星级酒店,武汉市,380,4.5,舒适型,114.344225,30.510043,27
B0FFFFYX50,轻住·华庭精选酒店(五环大道地铁站店),七雄路立方城5栋,酒店,武汉市,160,4.8,"经济型,复式LOFT",114.128741,30.615766,27
B0FFI2DN8T,华译酒店(武汉市民之家店),金桥大道40号市民之家斜对面,酒店,武汉市,160,4.5,经济型,114.296142,30.655778,27
B0KR6SX9RT,漫时光酒店(武汉天河机场店),天河街韩庙村育才街605号,酒店,武汉市,150,4.8,"住宿服务,宾馆酒店,宾馆酒店",114.221343,30.797626,27
B001B0JTBX,7天酒店(武汉江汉路地铁站步行街店),前进五路25号(近江汉路地铁站),经济型连锁酒店,武汉市,150,4.4,经济型,114.288492,30.580317,27
B0GR1AYBKE,智住电竞影院酒店(武汉体育中心经开万达广场店),体育北路经开万达广场B1栋7楼704,酒店,武汉市,220,4.8,公寓式酒店,114.175617,30.505881,27
B0FFKMZQFS,77城市酒店,贺家墩社区发展公寓404,酒店,武汉市,120,4.0,"经济型,低价实惠",114.25183,30.612076,27
B001B0JOR5,7天酒店(新7天),洞庭街69号,经济型连锁酒店,武汉市,150,4.7,"经济型,7天特惠",114.299591,30.585445,27
B0FFG18457,武汉锦汉商务酒店,武胜路荣华东村15号(泰合广场旁),酒店,武汉市,160,4.6,经济型,114.269179,30.573072,27
B0FFHUS5KJ,星期八·Uranday丨Unthink Hotel且晚且安民宿(丽景门十字街店),西门口街丽景门4号楼3单元,招待所,洛阳市,120,4.8,"经济型,低价实惠",112.471794,34.681359,379
B017B02FI5,洛宁西花坛宾馆,长虹路西花坛路口8号,酒店,洛阳市,120,4.4,"经济型,低价实惠",111.642171,34.387716,379
B0FFIBM2H6,洛阳麒御酒店,解放路19号(纱厂路地铁站E口步行170米),酒店,洛阳市,150,4.8,经济型,112.43451,34.679193,379
B017B007BA,洛阳星海酒店(洛阳火车站店),纱厂北路52号(纱厂路地铁站D口步行430米),酒店,洛阳市,150,4.8,经济型,112.429514,34.679297,379
B0FFH303J1,洛阳速九宾馆(火车站店),解放路17号(福利加油站隔壁),酒店,洛阳市,120,4.2,经济型,112.433826,34.680525,379
B017B0PJ4G,洛阳红阳商务宾馆,小浪底大道89号(城关医院对面向西50米),酒店,洛阳市,120,4.4,"经济型,低价实惠",112.44074,34.822956,379
B017B0OY8P,洛阳桥南旅馆,龙门大道8号,招待所,洛阳市,80,4.6,"旅馆,低价实惠",112.468999,34.661415,379
B0FFHFEP48,恩美精品酒店(洛阳太原路店),太原南路杏园小区001号商铺,酒店,洛阳市,150,4.6,经济型,112.398152,34.649683,379
B017B0PWR0,偃师金福客房,城关镇洛神路与安泰巷交叉口向南50米,招待所,洛阳市,80,4.2,"经济型,低价实惠",112.790616,34.720594,379
B0FFF36AJP,洛阳花都快捷客房,衡山路65号,招待所,洛阳市,80,4.4,经济型,112.371388,34.683565,379
B017B0OZC7,鸿运宾馆(洛阳火车站店),纱厂北路与道南路交叉口,酒店,洛阳市,120,4.2,经济型,112.429412,34.68545,379
B017B01HCC,丰园酒店(洛阳火车站地铁站店),解放路北口4号(洛阳火车站地铁站B口步行100米),酒店,洛阳市,120,4.0,旅馆,112.4339,34.683832,379
B0FFHSH7HC,洛阳森林氧吧主题酒店(衡山路店),五洲国际B区1单元27栋127号,酒店,洛阳市,150,4.0,主题酒店,112.369659,34.704444,379
B017B036KH,洛阳一兰快捷宾馆,解放路18号(公交IC卡充值中心隔壁),快捷酒店,洛阳市,120,3.9,快捷酒店,112.433689,34.68024,379
B017B01JBP,洛阳饭店,中州西路117号,三星级酒店,洛阳市,220,4.6,经济型,112.391896,34.666183,379
B0FFGAW152,嵩县罗曼罗兰酒店,金城路与建设路交叉口,酒店,洛阳市,120,4.1,"旅馆,低价实惠",112.093829,34.137572,379
B017B01PFZ,花园商务宾馆(君山西路),城关镇君山中路栾川客运汽车站向西50米,酒店,洛阳市,120,4.8,经济型,111.619591,33.780032,379
B0FFHC3PZV,比邻青年客栈(洛阳龙门站店),长兴街与伊洛路交叉口北100米,招待所,洛阳市,85,4.7,客栈,112.460061,34.600105,379
B0FFGS6IIK,洛阳清雅时尚酒店,河洛路徐家营社区对面,酒店,洛阳市,120,4.1,经济型,112.357925,34.599779,379
B017B0P1QC,洛阳君悦招待所,金谷园村(洛阳火车站地铁站B口步行490米),招待所,洛阳市,80,4.2,"招待所,低价实惠",112.431208,34.682441,379
B0FFHSH7HJ,洛阳优家太空舱青年旅舍,富雅东方C座1309室(王城公园地铁站A口步行60米),酒店,洛阳市,60,4.9,"经济型,低价实惠",112.428366,34.666354,379
B017B0P28F,盛祥宾馆(洛阳火车站店),道南路68号院东门东南50米,招待所,洛阳市,80,4.1,"旅馆,低价实惠",112.431859,34.685688,379
B0FFHLRB7L,美庭快捷宾馆(洛阳火车站店),洛阳火车站地铁站出入口步行330米,招待所,洛阳市,80,4.0,"旅馆,低价实惠",112.440908,34.683999,379
B017B00F4B,洛阳宾馆(人民街店),人民街23号,三星级酒店,洛阳市,180,3.6,经济型,112.485446,34.69,379
B0FFFDD2E7,王府·翠亭酒店,中州东路418号(百年水席老店真不同正对面),酒店,洛阳市,320,4.4,舒适型,112.477629,34.684111,379
B0FFFE5U3F,OYO·信诚快捷宾馆(洛阳站店),道南路66号(火车站西汽车站院内),酒店,洛阳市,80,3.2,"经济型,低价实惠",112.43245,34.685654,379
B017B00F54,洛阳中讯大酒店(解放路地铁站店),"凯旋门中讯餐厅,解放路与汉屯路交叉口",三星级酒店,洛阳市,220,4.4,经济型,112.433821,34.673849,379
B017B02G4B,金丹宾馆(洛阳火车站店),丹城路8号(二运车站口南20米),招待所,洛阳市,80,3.7,旅馆,112.440668,34.683999,379
B017B0P1CJ,洛阳四海国际青年旅舍,金谷园村16栋13号,招待所,洛阳市,60,3.7,"青年旅舍,低价实惠",112.432493,34.682724,379
B0FFFWY940,四海宾馆(洛阳火车站店),洛阳火车站地铁站C口步行150米,酒店,洛阳市,80,3.5,"经济型,低价实惠",112.433144,34.685864,379
B017B00XY9,洛阳华夏聚尚酒店,商都西路45号,三星级酒店,洛阳市,220,4.5,商务酒店,112.773048,34.726985,379
B017B02Q6N,宇博商务酒店(九都路店),九都路81号(九都路上阳路交汇处),四星级酒店,洛阳市,180,3.2,经济型,112.419883,34.653968,379
B0FFF55LTD,洛阳山河宾馆,道南路66号火车站往西衡达地标院内,快捷酒店,洛阳市,120,3.5,"快捷酒店,低价实惠",112.432202,34.685623,379
B0FFG89D01,尚客优快捷酒店(洛阳火车站王城大道店),国花路与状元红路交汇处向西100米,经济型连锁酒店,洛阳市,120,4.4,经济型,112.426337,34.69645,379
B017B01HAJ,洛阳新五金快捷宾馆(火车站丹尼斯大卫天地店),纱厂东路与解放路交叉口东40米,快捷酒店,洛阳市,120,4.4,快捷酒店,112.434494,34.678644,379
B0FFFDDT5F,一家缘酒店,道南路81号(洛阳火车站地铁站A口步行220米),酒店,洛阳市,120,3.3,经济型,112.435936,34.68387,379
B0FFGWFQE3,洛阳慕维斯青年旅舍,华林北街华林学校隔壁,招待所,洛阳市,60,4.5,"青年旅舍,低价实惠",112.492601,34.681606,379
B0FFKSMUFZ,嗨友酒店(洛阳建设路店),建设路店武汉路口东北角,经济型连锁酒店,洛阳市,150,4.5,经济型,112.370536,34.674958,379
B017B00442,孟津宾馆,桂花中路122号,三星级酒店,洛阳市,180,4.4,经济型,112.447572,34.825296,379
B0FFFDDL99,洛阳迎春宾馆(应天门店),玻南路30号小区东北门西北60米,酒店,洛阳市,120,4.6,"旅馆,低价实惠",112.454212,34.671435,379
B017B0P0ZI,蜗牛之家酒店(洛阳火车站大卫天地店),纱厂东路30号金谷大楼F1层,酒店,洛阳市,120,4.6,经济型,112.430943,34.678599,379
B017B01PHT,OYO晶都商务酒店(解放北路店),解放路4号(近火车站锦远汽车站),酒店,洛阳市,120,3.3,经济型,112.433822,34.683525,379
B017B01NE9,宜阳菲英特快捷酒店,人民北路汽车站对面,酒店,洛阳市,120,4.7,经济型,112.181677,34.519927,379
B0KBR5P3X9,洛阳吉江之星快捷酒店,电站东门,快捷酒店,洛阳市,120,4.5,快捷酒店,111.696051,34.392652,379
B0FFLCJ2RF,都市118连锁酒店(洛阳龙门关林商贸店),钱江路转盘东20米,经济型连锁酒店,洛阳市,120,4.3,快捷酒店,112.477884,34.617425,379
B017B0OWFV,山水富地巨幕精品酒店,涧西区高新区瀛洲路与华夏路交叉口,三星级酒店,洛阳市,220,4.7,商务酒店,112.397217,34.623588,379
B017B0QUEK,老君山醉竹山庄(云景索道店),寨沟风景区89号(近016乡道),酒店,洛阳市,120,4.3,农家院,111.66826,33.742963,379
B017B0PKD4,凯悦商务宾馆(小浪底大道),城关镇小浪底大道与会盟大道交叉口鑫润财富广场,酒店,洛阳市,120,4.1,经济型,112.440851,34.820211,379
B017B0PPDD,天怡宾馆(洛阳龙门高铁站宝龙广场店),龙门大道501号,酒店,洛阳市,120,4.6,经济型,112.473755,34.619551,379
